"","Naering","kjønn","alder","statistikkvariabel","Aar","Haugesund","Sauda","Bokn","Tysvær","Karmøy","Utsira","Vindafjord","tot_h"
"1","Alle næringer","Begge kjønn","15-74 år","Sysselsatte personer etter bosted","2008",17611,2430,412,5193,20182,124,4415,50367
"2","Alle næringer","Begge kjønn","15-74 år","Sysselsatte personer etter bosted","2009",17294,2430,407,5145,19767,115,4390,49548
"3","Alle næringer","Begge kjønn","15-74 år","Sysselsatte personer etter bosted","2010",17460,2416,420,5219,19754,120,4404,49793
"4","Alle næringer","Begge kjønn","15-74 år","Sysselsatte personer etter bosted","2011",17901,2419,428,5574,20028,126,4559,51035
"5","Alle næringer","Begge kjønn","15-74 år","Sysselsatte personer etter bosted","2012",18178,2384,425,5470,20304,116,4582,51459
"6","Alle næringer","Begge kjønn","15-74 år","Sysselsatte personer etter bosted","2013",18337,2364,439,5482,20572,119,4627,51940
"7","Alle næringer","Begge kjønn","15-74 år","Sysselsatte personer etter bosted","2014",18609,2391,434,5591,20714,116,4723,52578
"8","Alle næringer","Begge kjønn","15-74 år","Sysselsatte personer etter bosted","2015",17855,2267,424,5412,19862,110,4622,50552
"9","Alle næringer","Begge kjønn","15-74 år","Sysselsatte personer etter bosted","2016",17806,2229,427,5409,19754,106,4565,50296
"10","Alle næringer","Begge kjønn","15-74 år","Sysselsatte personer etter bosted","2017",18117,2239,424,5437,20047,107,4605,50976
"11","Alle næringer","Begge kjønn","15-74 år","Sysselsatte personer etter bosted","2018",18295,2226,425,5444,20074,101,4649,51214
"12","Alle næringer","Begge kjønn","15-74 år","Sysselsatte personer etter bosted","2019",18448,2234,443,5550,20247,107,4641,51670
"13","Alle næringer","Begge kjønn","15-74 år","Sysselsatte personer etter bosted","2020",18137,2212,439,5503,20063,102,4583,51039
"14","Alle næringer","Begge kjønn","55-66 år","Sysselsatte personer etter bosted","2008",2852,444,82,843,3248,22,790,8281
"15","Alle næringer","Begge kjønn","55-66 år","Sysselsatte personer etter bosted","2009",2857,442,81,844,3253,32,777,8286
"16","Alle næringer","Begge kjønn","55-66 år","Sysselsatte personer etter bosted","2010",2970,468,76,831,3288,26,827,8486
"17","Alle næringer","Begge kjønn","55-66 år","Sysselsatte personer etter bosted","2011",3042,483,71,861,3345,29,859,8690
"18","Alle næringer","Begge kjønn","55-66 år","Sysselsatte personer etter bosted","2012",3110,484,78,884,3453,26,854,8889
"19","Alle næringer","Begge kjønn","55-66 år","Sysselsatte personer etter bosted","2013",3175,508,79,912,3530,20,885,9109
"20","Alle næringer","Begge kjønn","55-66 år","Sysselsatte personer etter bosted","2014",3219,531,79,917,3598,24,904,9272
"21","Alle næringer","Begge kjønn","55-66 år","Sysselsatte personer etter bosted","2015",3188,522,90,922,3491,24,930,9167
"22","Alle næringer","Begge kjønn","55-66 år","Sysselsatte personer etter bosted","2016",3191,520,92,920,3494,22,940,9179
"23","Alle næringer","Begge kjønn","55-66 år","Sysselsatte personer etter bosted","2017",3243,519,88,949,3504,37,940,9280
"24","Alle næringer","Begge kjønn","55-66 år","Sysselsatte personer etter bosted","2018",3301,504,82,945,3470,23,967,9292
"25","Alle næringer","Begge kjønn","55-66 år","Sysselsatte personer etter bosted","2019",3302,513,89,983,3593,29,975,9484
"26","Alle næringer","Begge kjønn","55-66 år","Sysselsatte personer etter bosted","2020",3300,514,89,1003,3617,31,1000,9554
"27","Alle næringer","Begge kjønn","67-74 år","Sysselsatte personer etter bosted","2008",274,42,0,108,301,6,112,843
"28","Alle næringer","Begge kjønn","67-74 år","Sysselsatte personer etter bosted","2009",288,50,6,132,323,3,129,931
"29","Alle næringer","Begge kjønn","67-74 år","Sysselsatte personer etter bosted","2010",276,40,6,125,340,0,114,901
"30","Alle næringer","Begge kjønn","67-74 år","Sysselsatte personer etter bosted","2011",323,53,8,127,369,3,126,1009
"31","Alle næringer","Begge kjønn","67-74 år","Sysselsatte personer etter bosted","2012",333,40,8,163,392,0,134,1070
"32","Alle næringer","Begge kjønn","67-74 år","Sysselsatte personer etter bosted","2013",355,50,10,163,412,9,157,1156
"33","Alle næringer","Begge kjønn","67-74 år","Sysselsatte personer etter bosted","2014",370,43,20,170,434,9,162,1208
"34","Alle næringer","Begge kjønn","67-74 år","Sysselsatte personer etter bosted","2015",329,46,13,151,430,6,145,1120
"35","Alle næringer","Begge kjønn","67-74 år","Sysselsatte personer etter bosted","2016",360,41,18,153,415,9,167,1163
"36","Alle næringer","Begge kjønn","67-74 år","Sysselsatte personer etter bosted","2017",386,42,24,160,428,12,187,1239
"37","Alle næringer","Begge kjønn","67-74 år","Sysselsatte personer etter bosted","2018",392,50,15,150,451,6,183,1247
"38","Alle næringer","Begge kjønn","67-74 år","Sysselsatte personer etter bosted","2019",394,47,19,157,445,9,176,1247
"39","Alle næringer","Begge kjønn","67-74 år","Sysselsatte personer etter bosted","2020",386,42,17,131,410,3,174,1163
"40","Jordbruk, skogbruk og fiske","Begge kjønn","15-74 år","Sysselsatte personer etter bosted","2008",130,62,57,349,518,9,523,1648
"41","Jordbruk, skogbruk og fiske","Begge kjønn","15-74 år","Sysselsatte personer etter bosted","2009",114,59,61,348,514,6,516,1618
"42","Jordbruk, skogbruk og fiske","Begge kjønn","15-74 år","Sysselsatte personer etter bosted","2010",122,54,63,337,499,6,494,1575
"43","Jordbruk, skogbruk og fiske","Begge kjønn","15-74 år","Sysselsatte personer etter bosted","2011",124,57,72,314,441,9,507,1524
"44","Jordbruk, skogbruk og fiske","Begge kjønn","15-74 år","Sysselsatte personer etter bosted","2012",125,49,63,292,428,6,447,1410
"45","Jordbruk, skogbruk og fiske","Begge kjønn","15-74 år","Sysselsatte personer etter bosted","2013",115,47,55,274,399,6,448,1344
"46","Jordbruk, skogbruk og fiske","Begge kjønn","15-74 år","Sysselsatte personer etter bosted","2014",120,49,55,261,391,6,429,1311
"47","Jordbruk, skogbruk og fiske","Begge kjønn","15-74 år","Sysselsatte personer etter bosted","2015",122,45,61,280,385,10,458,1361
"48","Jordbruk, skogbruk og fiske","Begge kjønn","15-74 år","Sysselsatte personer etter bosted","2016",110,45,68,286,406,10,465,1390
"49","Jordbruk, skogbruk og fiske","Begge kjønn","15-74 år","Sysselsatte personer etter bosted","2017",123,32,79,269,392,9,476,1380
"50","Jordbruk, skogbruk og fiske","Begge kjønn","15-74 år","Sysselsatte personer etter bosted","2018",107,39,73,255,396,9,456,1335
"51","Jordbruk, skogbruk og fiske","Begge kjønn","15-74 år","Sysselsatte personer etter bosted","2019",110,37,75,256,407,9,421,1315
"52","Jordbruk, skogbruk og fiske","Begge kjønn","15-74 år","Sysselsatte personer etter bosted","2020",120,40,67,273,384,9,440,1333
"53","Jordbruk, skogbruk og fiske","Begge kjønn","55-66 år","Sysselsatte personer etter bosted","2008",21,13,14,82,122,0,128,380
"54","Jordbruk, skogbruk og fiske","Begge kjønn","55-66 år","Sysselsatte personer etter bosted","2009",19,14,14,78,114,0,109,348
"55","Jordbruk, skogbruk og fiske","Begge kjønn","55-66 år","Sysselsatte personer etter bosted","2010",17,13,8,74,96,0,111,319
"56","Jordbruk, skogbruk og fiske","Begge kjønn","55-66 år","Sysselsatte personer etter bosted","2011",17,6,9,72,98,3,110,315
"57","Jordbruk, skogbruk og fiske","Begge kjønn","55-66 år","Sysselsatte personer etter bosted","2012",19,9,5,69,85,0,87,274
"58","Jordbruk, skogbruk og fiske","Begge kjønn","55-66 år","Sysselsatte personer etter bosted","2013",15,6,4,57,90,0,84,256
"59","Jordbruk, skogbruk og fiske","Begge kjønn","55-66 år","Sysselsatte personer etter bosted","2014",18,6,6,48,90,3,79,250
"60","Jordbruk, skogbruk og fiske","Begge kjønn","55-66 år","Sysselsatte personer etter bosted","2015",17,4,8,53,90,4,89,265
"61","Jordbruk, skogbruk og fiske","Begge kjønn","55-66 år","Sysselsatte personer etter bosted","2016",15,8,7,55,81,0,88,254
"62","Jordbruk, skogbruk og fiske","Begge kjønn","55-66 år","Sysselsatte personer etter bosted","2017",16,3,10,49,84,0,82,244
"63","Jordbruk, skogbruk og fiske","Begge kjønn","55-66 år","Sysselsatte personer etter bosted","2018",17,7,8,44,87,3,92,258
"64","Jordbruk, skogbruk og fiske","Begge kjønn","55-66 år","Sysselsatte personer etter bosted","2019",15,6,9,43,94,3,84,254
"65","Jordbruk, skogbruk og fiske","Begge kjønn","55-66 år","Sysselsatte personer etter bosted","2020",16,8,11,49,88,3,90,265
"66","Jordbruk, skogbruk og fiske","Begge kjønn","67-74 år","Sysselsatte personer etter bosted","2008",8,3,0,43,59,3,45,161
"67","Jordbruk, skogbruk og fiske","Begge kjønn","67-74 år","Sysselsatte personer etter bosted","2009",6,3,3,49,58,3,54,176
"68","Jordbruk, skogbruk og fiske","Begge kjønn","67-74 år","Sysselsatte personer etter bosted","2010",8,3,6,38,64,0,46,165
"69","Jordbruk, skogbruk og fiske","Begge kjønn","67-74 år","Sysselsatte personer etter bosted","2011",11,11,5,37,51,0,50,165
"70","Jordbruk, skogbruk og fiske","Begge kjønn","67-74 år","Sysselsatte personer etter bosted","2012",12,9,8,47,62,0,60,198
"71","Jordbruk, skogbruk og fiske","Begge kjønn","67-74 år","Sysselsatte personer etter bosted","2013",10,11,7,45,58,0,61,192
"72","Jordbruk, skogbruk og fiske","Begge kjønn","67-74 år","Sysselsatte personer etter bosted","2014",14,9,7,41,53,0,54,178
"73","Jordbruk, skogbruk og fiske","Begge kjønn","67-74 år","Sysselsatte personer etter bosted","2015",10,6,10,35,56,0,49,166
"74","Jordbruk, skogbruk og fiske","Begge kjønn","67-74 år","Sysselsatte personer etter bosted","2016",9,3,12,42,55,0,54,175
"75","Jordbruk, skogbruk og fiske","Begge kjønn","67-74 år","Sysselsatte personer etter bosted","2017",13,4,11,39,56,3,58,184
"76","Jordbruk, skogbruk og fiske","Begge kjønn","67-74 år","Sysselsatte personer etter bosted","2018",8,4,8,33,48,0,54,155
"77","Jordbruk, skogbruk og fiske","Begge kjønn","67-74 år","Sysselsatte personer etter bosted","2019",8,5,7,36,43,0,49,148
"78","Jordbruk, skogbruk og fiske","Begge kjønn","67-74 år","Sysselsatte personer etter bosted","2020",8,5,4,36,55,3,52,163
"79","Bergverksdrift og utvinning","Begge kjønn","15-74 år","Sysselsatte personer etter bosted","2008",859,98,30,401,1113,0,174,2675
"80","Bergverksdrift og utvinning","Begge kjønn","15-74 år","Sysselsatte personer etter bosted","2009",881,101,31,402,1139,0,177,2731
"81","Bergverksdrift og utvinning","Begge kjønn","15-74 år","Sysselsatte personer etter bosted","2010",952,112,36,440,1252,3,208,3003
"82","Bergverksdrift og utvinning","Begge kjønn","15-74 år","Sysselsatte personer etter bosted","2011",1003,119,39,460,1310,6,204,3141
"83","Bergverksdrift og utvinning","Begge kjønn","15-74 år","Sysselsatte personer etter bosted","2012",1117,136,42,495,1402,6,219,3417
"84","Bergverksdrift og utvinning","Begge kjønn","15-74 år","Sysselsatte personer etter bosted","2013",1121,139,46,505,1484,6,207,3508
"85","Bergverksdrift og utvinning","Begge kjønn","15-74 år","Sysselsatte personer etter bosted","2014",1112,132,45,521,1522,3,202,3537
"86","Bergverksdrift og utvinning","Begge kjønn","15-74 år","Sysselsatte personer etter bosted","2015",1028,121,42,498,1370,3,193,3255
"87","Bergverksdrift og utvinning","Begge kjønn","15-74 år","Sysselsatte personer etter bosted","2016",943,107,41,468,1219,3,179,2960
"88","Bergverksdrift og utvinning","Begge kjønn","15-74 år","Sysselsatte personer etter bosted","2017",944,118,36,457,1235,3,185,2978
"89","Bergverksdrift og utvinning","Begge kjønn","15-74 år","Sysselsatte personer etter bosted","2018",1094,122,39,501,1352,6,200,3314
"90","Bergverksdrift og utvinning","Begge kjønn","15-74 år","Sysselsatte personer etter bosted","2019",1141,140,40,528,1448,6,213,3516
"91","Bergverksdrift og utvinning","Begge kjønn","15-74 år","Sysselsatte personer etter bosted","2020",1130,138,36,530,1437,6,224,3501
"92","Bergverksdrift og utvinning","Begge kjønn","55-66 år","Sysselsatte personer etter bosted","2008",127,10,4,49,141,0,17,348
"93","Bergverksdrift og utvinning","Begge kjønn","55-66 år","Sysselsatte personer etter bosted","2009",107,12,6,43,125,0,20,313
"94","Bergverksdrift og utvinning","Begge kjønn","55-66 år","Sysselsatte personer etter bosted","2010",135,12,3,47,156,0,30,383
"95","Bergverksdrift og utvinning","Begge kjønn","55-66 år","Sysselsatte personer etter bosted","2011",142,14,3,54,183,0,33,429
"96","Bergverksdrift og utvinning","Begge kjønn","55-66 år","Sysselsatte personer etter bosted","2012",154,16,5,59,201,0,35,470
"97","Bergverksdrift og utvinning","Begge kjønn","55-66 år","Sysselsatte personer etter bosted","2013",167,20,5,68,213,0,35,508
"98","Bergverksdrift og utvinning","Begge kjønn","55-66 år","Sysselsatte personer etter bosted","2014",182,24,4,74,227,0,31,542
"99","Bergverksdrift og utvinning","Begge kjønn","55-66 år","Sysselsatte personer etter bosted","2015",181,25,4,76,222,0,34,542
"100","Bergverksdrift og utvinning","Begge kjønn","55-66 år","Sysselsatte personer etter bosted","2016",185,27,8,85,223,0,36,564
"101","Bergverksdrift og utvinning","Begge kjønn","55-66 år","Sysselsatte personer etter bosted","2017",193,31,4,83,236,3,36,586
"102","Bergverksdrift og utvinning","Begge kjønn","55-66 år","Sysselsatte personer etter bosted","2018",241,29,4,91,259,3,42,669
"103","Bergverksdrift og utvinning","Begge kjønn","55-66 år","Sysselsatte personer etter bosted","2019",258,30,5,93,273,3,43,705
"104","Bergverksdrift og utvinning","Begge kjønn","55-66 år","Sysselsatte personer etter bosted","2020",265,32,4,97,282,3,50,733
"105","Bergverksdrift og utvinning","Begge kjønn","67-74 år","Sysselsatte personer etter bosted","2008",0,0,0,0,3,0,0,3
"106","Bergverksdrift og utvinning","Begge kjønn","67-74 år","Sysselsatte personer etter bosted","2009",0,0,0,0,0,0,0,0
"107","Bergverksdrift og utvinning","Begge kjønn","67-74 år","Sysselsatte personer etter bosted","2010",0,0,0,0,3,0,0,3
"108","Bergverksdrift og utvinning","Begge kjønn","67-74 år","Sysselsatte personer etter bosted","2011",4,0,0,0,0,0,0,4
"109","Bergverksdrift og utvinning","Begge kjønn","67-74 år","Sysselsatte personer etter bosted","2012",5,0,0,0,3,0,0,8
"110","Bergverksdrift og utvinning","Begge kjønn","67-74 år","Sysselsatte personer etter bosted","2013",3,0,0,0,5,0,0,8
"111","Bergverksdrift og utvinning","Begge kjønn","67-74 år","Sysselsatte personer etter bosted","2014",0,0,0,0,6,0,0,6
"112","Bergverksdrift og utvinning","Begge kjønn","67-74 år","Sysselsatte personer etter bosted","2015",0,0,0,0,3,0,0,3
"113","Bergverksdrift og utvinning","Begge kjønn","67-74 år","Sysselsatte personer etter bosted","2016",0,0,0,0,3,0,0,3
"114","Bergverksdrift og utvinning","Begge kjønn","67-74 år","Sysselsatte personer etter bosted","2017",0,0,0,0,0,0,0,0
"115","Bergverksdrift og utvinning","Begge kjønn","67-74 år","Sysselsatte personer etter bosted","2018",0,0,0,0,3,0,0,3
"116","Bergverksdrift og utvinning","Begge kjønn","67-74 år","Sysselsatte personer etter bosted","2019",3,3,3,3,0,0,0,12
"117","Bergverksdrift og utvinning","Begge kjønn","67-74 år","Sysselsatte personer etter bosted","2020",4,0,0,5,3,0,0,12
"118","Industri","Begge kjønn","15-74 år","Sysselsatte personer etter bosted","2008",2289,519,48,582,3694,6,660,7798
"119","Industri","Begge kjønn","15-74 år","Sysselsatte personer etter bosted","2009",2086,460,39,562,3221,6,664,7038
"120","Industri","Begge kjønn","15-74 år","Sysselsatte personer etter bosted","2010",1885,440,36,513,2882,0,692,6448
"121","Industri","Begge kjønn","15-74 år","Sysselsatte personer etter bosted","2011",1936,423,39,550,2826,0,724,6498
"122","Industri","Begge kjønn","15-74 år","Sysselsatte personer etter bosted","2012",1999,422,39,553,2835,0,741,6589
"123","Industri","Begge kjønn","15-74 år","Sysselsatte personer etter bosted","2013",2018,431,44,558,2811,0,765,6627
"124","Industri","Begge kjønn","15-74 år","Sysselsatte personer etter bosted","2014",1983,434,46,569,2812,0,794,6638
"125","Industri","Begge kjønn","15-74 år","Sysselsatte personer etter bosted","2015",1809,405,42,530,2652,0,862,6300
"126","Industri","Begge kjønn","15-74 år","Sysselsatte personer etter bosted","2016",1744,370,40,533,2619,0,821,6127
"127","Industri","Begge kjønn","15-74 år","Sysselsatte personer etter bosted","2017",1765,357,39,522,2683,0,787,6153
"128","Industri","Begge kjønn","15-74 år","Sysselsatte personer etter bosted","2018",1776,358,45,533,2689,0,760,6161
"129","Industri","Begge kjønn","15-74 år","Sysselsatte personer etter bosted","2019",1884,370,47,539,2724,0,779,6343
"130","Industri","Begge kjønn","15-74 år","Sysselsatte personer etter bosted","2020",1905,365,56,547,2725,0,707,6305
"131","Industri","Begge kjønn","55-66 år","Sysselsatte personer etter bosted","2008",354,108,9,64,577,0,98,1210
"132","Industri","Begge kjønn","55-66 år","Sysselsatte personer etter bosted","2009",338,105,8,69,543,0,97,1160
"133","Industri","Begge kjønn","55-66 år","Sysselsatte personer etter bosted","2010",301,112,4,64,511,0,106,1098
"134","Industri","Begge kjønn","55-66 år","Sysselsatte personer etter bosted","2011",294,115,8,73,505,0,120,1115
"135","Industri","Begge kjønn","55-66 år","Sysselsatte personer etter bosted","2012",284,119,5,73,516,0,125,1122
"136","Industri","Begge kjønn","55-66 år","Sysselsatte personer etter bosted","2013",297,117,11,72,499,0,128,1124
"137","Industri","Begge kjønn","55-66 år","Sysselsatte personer etter bosted","2014",291,120,7,72,495,0,139,1124
"138","Industri","Begge kjønn","55-66 år","Sysselsatte personer etter bosted","2015",269,120,8,72,460,0,157,1086
"139","Industri","Begge kjønn","55-66 år","Sysselsatte personer etter bosted","2016",274,117,8,71,457,0,167,1094
"140","Industri","Begge kjønn","55-66 år","Sysselsatte personer etter bosted","2017",287,114,7,68,467,0,160,1103
"141","Industri","Begge kjønn","55-66 år","Sysselsatte personer etter bosted","2018",306,111,8,69,484,0,164,1142
"142","Industri","Begge kjønn","55-66 år","Sysselsatte personer etter bosted","2019",330,108,8,78,508,0,163,1195
"143","Industri","Begge kjønn","55-66 år","Sysselsatte personer etter bosted","2020",341,110,10,99,516,0,152,1228
"144","Industri","Begge kjønn","67-74 år","Sysselsatte personer etter bosted","2008",27,3,0,11,30,0,7,78
"145","Industri","Begge kjønn","67-74 år","Sysselsatte personer etter bosted","2009",24,3,0,7,31,0,11,76
"146","Industri","Begge kjønn","67-74 år","Sysselsatte personer etter bosted","2010",13,0,0,7,38,0,13,71
"147","Industri","Begge kjønn","67-74 år","Sysselsatte personer etter bosted","2011",21,6,0,7,40,0,9,83
"148","Industri","Begge kjønn","67-74 år","Sysselsatte personer etter bosted","2012",25,3,0,14,33,0,6,81
"149","Industri","Begge kjønn","67-74 år","Sysselsatte personer etter bosted","2013",20,3,0,12,30,0,10,75
"150","Industri","Begge kjønn","67-74 år","Sysselsatte personer etter bosted","2014",20,3,0,11,30,0,11,75
"151","Industri","Begge kjønn","67-74 år","Sysselsatte personer etter bosted","2015",18,0,0,9,30,0,13,70
"152","Industri","Begge kjønn","67-74 år","Sysselsatte personer etter bosted","2016",14,3,0,5,28,0,15,65
"153","Industri","Begge kjønn","67-74 år","Sysselsatte personer etter bosted","2017",18,0,0,5,28,0,13,64
"154","Industri","Begge kjønn","67-74 år","Sysselsatte personer etter bosted","2018",17,6,0,7,25,0,10,65
"155","Industri","Begge kjønn","67-74 år","Sysselsatte personer etter bosted","2019",19,4,0,6,30,0,17,76
"156","Industri","Begge kjønn","67-74 år","Sysselsatte personer etter bosted","2020",23,4,0,3,23,0,10,63
"157","Elektrisitet, vann og renovasjon","Begge kjønn","15-74 år","Sysselsatte personer etter bosted","2008",183,101,3,60,202,0,54,603
"158","Elektrisitet, vann og renovasjon","Begge kjønn","15-74 år","Sysselsatte personer etter bosted","2009",174,109,0,67,202,0,60,612
"159","Elektrisitet, vann og renovasjon","Begge kjønn","15-74 år","Sysselsatte personer etter bosted","2010",182,102,3,72,214,0,74,647
"160","Elektrisitet, vann og renovasjon","Begge kjønn","15-74 år","Sysselsatte personer etter bosted","2011",186,105,3,79,228,0,72,673
"161","Elektrisitet, vann og renovasjon","Begge kjønn","15-74 år","Sysselsatte personer etter bosted","2012",186,119,3,73,221,0,73,675
"162","Elektrisitet, vann og renovasjon","Begge kjønn","15-74 år","Sysselsatte personer etter bosted","2013",195,108,0,72,233,0,84,692
"163","Elektrisitet, vann og renovasjon","Begge kjønn","15-74 år","Sysselsatte personer etter bosted","2014",211,111,0,73,225,0,59,679
"164","Elektrisitet, vann og renovasjon","Begge kjønn","15-74 år","Sysselsatte personer etter bosted","2015",190,103,0,68,217,0,62,640
"165","Elektrisitet, vann og renovasjon","Begge kjønn","15-74 år","Sysselsatte personer etter bosted","2016",183,109,3,67,219,0,68,649
"166","Elektrisitet, vann og renovasjon","Begge kjønn","15-74 år","Sysselsatte personer etter bosted","2017",183,117,0,68,212,0,73,653
"167","Elektrisitet, vann og renovasjon","Begge kjønn","15-74 år","Sysselsatte personer etter bosted","2018",184,120,0,65,205,0,63,637
"168","Elektrisitet, vann og renovasjon","Begge kjønn","15-74 år","Sysselsatte personer etter bosted","2019",181,111,0,74,224,3,65,658
"169","Elektrisitet, vann og renovasjon","Begge kjønn","15-74 år","Sysselsatte personer etter bosted","2020",197,114,0,66,230,0,65,672
"170","Elektrisitet, vann og renovasjon","Begge kjønn","55-66 år","Sysselsatte personer etter bosted","2008",36,23,0,17,41,0,10,127
"171","Elektrisitet, vann og renovasjon","Begge kjønn","55-66 år","Sysselsatte personer etter bosted","2009",39,26,0,17,47,0,11,140
"172","Elektrisitet, vann og renovasjon","Begge kjønn","55-66 år","Sysselsatte personer etter bosted","2010",38,26,0,16,41,0,15,136
"173","Elektrisitet, vann og renovasjon","Begge kjønn","55-66 år","Sysselsatte personer etter bosted","2011",40,28,0,17,43,0,14,142
"174","Elektrisitet, vann og renovasjon","Begge kjønn","55-66 år","Sysselsatte personer etter bosted","2012",40,33,0,17,44,0,15,149
"175","Elektrisitet, vann og renovasjon","Begge kjønn","55-66 år","Sysselsatte personer etter bosted","2013",36,35,0,9,44,0,16,140
"176","Elektrisitet, vann og renovasjon","Begge kjønn","55-66 år","Sysselsatte personer etter bosted","2014",33,40,0,8,51,0,16,148
"177","Elektrisitet, vann og renovasjon","Begge kjønn","55-66 år","Sysselsatte personer etter bosted","2015",38,34,0,10,51,0,18,151
"178","Elektrisitet, vann og renovasjon","Begge kjønn","55-66 år","Sysselsatte personer etter bosted","2016",41,36,0,14,45,0,19,155
"179","Elektrisitet, vann og renovasjon","Begge kjønn","55-66 år","Sysselsatte personer etter bosted","2017",41,37,0,15,46,0,21,160
"180","Elektrisitet, vann og renovasjon","Begge kjønn","55-66 år","Sysselsatte personer etter bosted","2018",37,37,0,14,47,0,18,153
"181","Elektrisitet, vann og renovasjon","Begge kjønn","55-66 år","Sysselsatte personer etter bosted","2019",37,40,0,17,46,3,21,164
"182","Elektrisitet, vann og renovasjon","Begge kjønn","55-66 år","Sysselsatte personer etter bosted","2020",41,44,0,15,47,0,20,167
"183","Elektrisitet, vann og renovasjon","Begge kjønn","67-74 år","Sysselsatte personer etter bosted","2008",0,0,0,0,3,0,0,3
"184","Elektrisitet, vann og renovasjon","Begge kjønn","67-74 år","Sysselsatte personer etter bosted","2009",3,0,0,0,0,0,3,6
"185","Elektrisitet, vann og renovasjon","Begge kjønn","67-74 år","Sysselsatte personer etter bosted","2010",3,0,0,0,0,0,0,3
"186","Elektrisitet, vann og renovasjon","Begge kjønn","67-74 år","Sysselsatte personer etter bosted","2011",3,3,0,0,8,0,0,14
"187","Elektrisitet, vann og renovasjon","Begge kjønn","67-74 år","Sysselsatte personer etter bosted","2012",0,0,0,0,3,0,0,3
"188","Elektrisitet, vann og renovasjon","Begge kjønn","67-74 år","Sysselsatte personer etter bosted","2013",0,3,0,3,4,0,0,10
"189","Elektrisitet, vann og renovasjon","Begge kjønn","67-74 år","Sysselsatte personer etter bosted","2014",3,0,0,0,0,0,0,3
"190","Elektrisitet, vann og renovasjon","Begge kjønn","67-74 år","Sysselsatte personer etter bosted","2015",0,0,0,0,0,0,0,0
"191","Elektrisitet, vann og renovasjon","Begge kjønn","67-74 år","Sysselsatte personer etter bosted","2016",3,0,0,0,0,0,3,6
"192","Elektrisitet, vann og renovasjon","Begge kjønn","67-74 år","Sysselsatte personer etter bosted","2017",3,0,0,0,6,0,3,12
"193","Elektrisitet, vann og renovasjon","Begge kjønn","67-74 år","Sysselsatte personer etter bosted","2018",3,0,0,0,3,0,3,9
"194","Elektrisitet, vann og renovasjon","Begge kjønn","67-74 år","Sysselsatte personer etter bosted","2019",0,0,0,0,3,0,0,3
"195","Elektrisitet, vann og renovasjon","Begge kjønn","67-74 år","Sysselsatte personer etter bosted","2020",0,0,0,0,3,0,3,6
"196","Bygge- og anleggsvirksomhet","Begge kjønn","15-74 år","Sysselsatte personer etter bosted","2008",1134,193,28,497,1599,6,423,3880
"197","Bygge- og anleggsvirksomhet","Begge kjønn","15-74 år","Sysselsatte personer etter bosted","2009",1138,194,28,488,1588,9,431,3876
"198","Bygge- og anleggsvirksomhet","Begge kjønn","15-74 år","Sysselsatte personer etter bosted","2010",1146,200,26,522,1630,12,420,3956
"199","Bygge- og anleggsvirksomhet","Begge kjønn","15-74 år","Sysselsatte personer etter bosted","2011",1230,204,24,719,1768,9,435,4389
"200","Bygge- og anleggsvirksomhet","Begge kjønn","15-74 år","Sysselsatte personer etter bosted","2012",1249,219,24,550,1785,9,412,4248
"201","Bygge- og anleggsvirksomhet","Begge kjønn","15-74 år","Sysselsatte personer etter bosted","2013",1321,224,35,541,1892,10,435,4458
"202","Bygge- og anleggsvirksomhet","Begge kjønn","15-74 år","Sysselsatte personer etter bosted","2014",1304,225,36,552,1918,14,461,4510
"203","Bygge- og anleggsvirksomhet","Begge kjønn","15-74 år","Sysselsatte personer etter bosted","2015",1241,215,42,564,1828,9,457,4356
"204","Bygge- og anleggsvirksomhet","Begge kjønn","15-74 år","Sysselsatte personer etter bosted","2016",1226,227,35,550,1818,9,465,4330
"205","Bygge- og anleggsvirksomhet","Begge kjønn","15-74 år","Sysselsatte personer etter bosted","2017",1242,238,40,571,1885,6,508,4490
"206","Bygge- og anleggsvirksomhet","Begge kjønn","15-74 år","Sysselsatte personer etter bosted","2018",1236,221,35,594,1839,6,548,4479
"207","Bygge- og anleggsvirksomhet","Begge kjønn","15-74 år","Sysselsatte personer etter bosted","2019",1225,222,31,587,1835,6,527,4433
"208","Bygge- og anleggsvirksomhet","Begge kjønn","15-74 år","Sysselsatte personer etter bosted","2020",1146,218,34,570,1803,6,568,4345
"209","Bygge- og anleggsvirksomhet","Begge kjønn","55-66 år","Sysselsatte personer etter bosted","2008",120,27,5,58,192,3,77,482
"210","Bygge- og anleggsvirksomhet","Begge kjønn","55-66 år","Sysselsatte personer etter bosted","2009",119,28,6,63,202,3,85,506
"211","Bygge- og anleggsvirksomhet","Begge kjønn","55-66 år","Sysselsatte personer etter bosted","2010",132,22,6,64,223,3,85,535
"212","Bygge- og anleggsvirksomhet","Begge kjønn","55-66 år","Sysselsatte personer etter bosted","2011",130,28,3,62,234,0,88,545
"213","Bygge- og anleggsvirksomhet","Begge kjønn","55-66 år","Sysselsatte personer etter bosted","2012",147,26,4,66,239,3,87,572
"214","Bygge- og anleggsvirksomhet","Begge kjønn","55-66 år","Sysselsatte personer etter bosted","2013",154,31,4,74,252,4,93,612
"215","Bygge- og anleggsvirksomhet","Begge kjønn","55-66 år","Sysselsatte personer etter bosted","2014",163,35,5,69,264,5,92,633
"216","Bygge- og anleggsvirksomhet","Begge kjønn","55-66 år","Sysselsatte personer etter bosted","2015",179,37,7,80,260,3,96,662
"217","Bygge- og anleggsvirksomhet","Begge kjønn","55-66 år","Sysselsatte personer etter bosted","2016",180,40,8,76,264,3,102,673
"218","Bygge- og anleggsvirksomhet","Begge kjønn","55-66 år","Sysselsatte personer etter bosted","2017",188,41,7,96,255,3,103,693
"219","Bygge- og anleggsvirksomhet","Begge kjønn","55-66 år","Sysselsatte personer etter bosted","2018",185,38,6,90,257,0,106,682
"220","Bygge- og anleggsvirksomhet","Begge kjønn","55-66 år","Sysselsatte personer etter bosted","2019",187,42,6,96,267,0,101,699
"221","Bygge- og anleggsvirksomhet","Begge kjønn","55-66 år","Sysselsatte personer etter bosted","2020",194,50,7,93,283,3,96,726
"222","Bygge- og anleggsvirksomhet","Begge kjønn","67-74 år","Sysselsatte personer etter bosted","2008",17,3,0,7,21,0,9,57
"223","Bygge- og anleggsvirksomhet","Begge kjønn","67-74 år","Sysselsatte personer etter bosted","2009",13,3,0,5,22,0,9,52
"224","Bygge- og anleggsvirksomhet","Begge kjønn","67-74 år","Sysselsatte personer etter bosted","2010",19,3,0,7,18,0,7,54
"225","Bygge- og anleggsvirksomhet","Begge kjønn","67-74 år","Sysselsatte personer etter bosted","2011",14,3,0,8,23,3,10,61
"226","Bygge- og anleggsvirksomhet","Begge kjønn","67-74 år","Sysselsatte personer etter bosted","2012",16,4,0,16,23,0,10,69
"227","Bygge- og anleggsvirksomhet","Begge kjønn","67-74 år","Sysselsatte personer etter bosted","2013",20,9,3,13,30,0,10,85
"228","Bygge- og anleggsvirksomhet","Begge kjønn","67-74 år","Sysselsatte personer etter bosted","2014",18,3,4,10,33,3,12,83
"229","Bygge- og anleggsvirksomhet","Begge kjønn","67-74 år","Sysselsatte personer etter bosted","2015",21,4,3,9,28,0,9,74
"230","Bygge- og anleggsvirksomhet","Begge kjønn","67-74 år","Sysselsatte personer etter bosted","2016",21,4,3,9,29,0,14,80
"231","Bygge- og anleggsvirksomhet","Begge kjønn","67-74 år","Sysselsatte personer etter bosted","2017",22,7,4,12,31,0,20,96
"232","Bygge- og anleggsvirksomhet","Begge kjønn","67-74 år","Sysselsatte personer etter bosted","2018",21,7,4,17,29,0,21,99
"233","Bygge- og anleggsvirksomhet","Begge kjønn","67-74 år","Sysselsatte personer etter bosted","2019",23,5,3,19,32,0,27,109
"234","Bygge- og anleggsvirksomhet","Begge kjønn","67-74 år","Sysselsatte personer etter bosted","2020",21,3,4,14,29,0,34,105
"235","Varehandel, reparasjon av motorvogner","Begge kjønn","15-74 år","Sysselsatte personer etter bosted","2008",2592,209,41,764,2830,6,580,7022
"236","Varehandel, reparasjon av motorvogner","Begge kjønn","15-74 år","Sysselsatte personer etter bosted","2009",2559,210,40,714,2750,3,540,6816
"237","Varehandel, reparasjon av motorvogner","Begge kjønn","15-74 år","Sysselsatte personer etter bosted","2010",2539,230,33,747,2818,3,523,6893
"238","Varehandel, reparasjon av motorvogner","Begge kjønn","15-74 år","Sysselsatte personer etter bosted","2011",2558,217,37,760,2856,6,545,6979
"239","Varehandel, reparasjon av motorvogner","Begge kjønn","15-74 år","Sysselsatte personer etter bosted","2012",2529,220,39,732,2809,6,568,6903
"240","Varehandel, reparasjon av motorvogner","Begge kjønn","15-74 år","Sysselsatte personer etter bosted","2013",2482,201,34,738,2808,3,542,6808
"241","Varehandel, reparasjon av motorvogner","Begge kjønn","15-74 år","Sysselsatte personer etter bosted","2014",2516,202,39,760,2784,3,547,6851
"242","Varehandel, reparasjon av motorvogner","Begge kjønn","15-74 år","Sysselsatte personer etter bosted","2015",2388,186,32,713,2615,6,520,6460
"243","Varehandel, reparasjon av motorvogner","Begge kjønn","15-74 år","Sysselsatte personer etter bosted","2016",2378,179,34,707,2606,6,508,6418
"244","Varehandel, reparasjon av motorvogner","Begge kjønn","15-74 år","Sysselsatte personer etter bosted","2017",2357,175,29,690,2621,6,516,6394
"245","Varehandel, reparasjon av motorvogner","Begge kjønn","15-74 år","Sysselsatte personer etter bosted","2018",2354,192,37,682,2510,6,525,6306
"246","Varehandel, reparasjon av motorvogner","Begge kjønn","15-74 år","Sysselsatte personer etter bosted","2019",2216,178,37,680,2441,6,516,6074
"247","Varehandel, reparasjon av motorvogner","Begge kjønn","15-74 år","Sysselsatte personer etter bosted","2020",2147,170,40,653,2460,12,498,5980
"248","Varehandel, reparasjon av motorvogner","Begge kjønn","55-66 år","Sysselsatte personer etter bosted","2008",326,23,7,100,356,0,73,885
"249","Varehandel, reparasjon av motorvogner","Begge kjønn","55-66 år","Sysselsatte personer etter bosted","2009",319,24,8,96,358,0,70,875
"250","Varehandel, reparasjon av motorvogner","Begge kjønn","55-66 år","Sysselsatte personer etter bosted","2010",318,30,9,92,364,0,75,888
"251","Varehandel, reparasjon av motorvogner","Begge kjønn","55-66 år","Sysselsatte personer etter bosted","2011",322,29,8,93,359,0,83,894
"252","Varehandel, reparasjon av motorvogner","Begge kjønn","55-66 år","Sysselsatte personer etter bosted","2012",337,32,12,95,356,3,86,921
"253","Varehandel, reparasjon av motorvogner","Begge kjønn","55-66 år","Sysselsatte personer etter bosted","2013",334,37,11,105,375,0,90,952
"254","Varehandel, reparasjon av motorvogner","Begge kjønn","55-66 år","Sysselsatte personer etter bosted","2014",337,32,12,112,383,0,88,964
"255","Varehandel, reparasjon av motorvogner","Begge kjønn","55-66 år","Sysselsatte personer etter bosted","2015",323,35,10,104,359,0,94,925
"256","Varehandel, reparasjon av motorvogner","Begge kjønn","55-66 år","Sysselsatte personer etter bosted","2016",329,31,10,104,357,0,98,929
"257","Varehandel, reparasjon av motorvogner","Begge kjønn","55-66 år","Sysselsatte personer etter bosted","2017",328,29,9,110,358,3,93,930
"258","Varehandel, reparasjon av motorvogner","Begge kjønn","55-66 år","Sysselsatte personer etter bosted","2018",348,30,10,113,344,0,99,944
"259","Varehandel, reparasjon av motorvogner","Begge kjønn","55-66 år","Sysselsatte personer etter bosted","2019",328,33,9,115,366,0,96,947
"260","Varehandel, reparasjon av motorvogner","Begge kjønn","55-66 år","Sysselsatte personer etter bosted","2020",322,29,7,118,374,3,96,949
"261","Varehandel, reparasjon av motorvogner","Begge kjønn","67-74 år","Sysselsatte personer etter bosted","2008",29,4,0,7,33,0,10,83
"262","Varehandel, reparasjon av motorvogner","Begge kjønn","67-74 år","Sysselsatte personer etter bosted","2009",42,3,0,13,42,0,10,110
"263","Varehandel, reparasjon av motorvogner","Begge kjønn","67-74 år","Sysselsatte personer etter bosted","2010",41,3,0,17,43,0,8,112
"264","Varehandel, reparasjon av motorvogner","Begge kjønn","67-74 år","Sysselsatte personer etter bosted","2011",45,3,0,12,48,0,9,117
"265","Varehandel, reparasjon av motorvogner","Begge kjønn","67-74 år","Sysselsatte personer etter bosted","2012",51,0,0,15,48,0,13,127
"266","Varehandel, reparasjon av motorvogner","Begge kjønn","67-74 år","Sysselsatte personer etter bosted","2013",48,0,0,15,45,0,13,121
"267","Varehandel, reparasjon av motorvogner","Begge kjønn","67-74 år","Sysselsatte personer etter bosted","2014",56,0,3,18,49,0,9,135
"268","Varehandel, reparasjon av motorvogner","Begge kjønn","67-74 år","Sysselsatte personer etter bosted","2015",35,0,0,9,46,0,9,99
"269","Varehandel, reparasjon av motorvogner","Begge kjønn","67-74 år","Sysselsatte personer etter bosted","2016",32,0,0,12,44,0,4,92
"270","Varehandel, reparasjon av motorvogner","Begge kjønn","67-74 år","Sysselsatte personer etter bosted","2017",35,0,0,10,50,0,12,107
"271","Varehandel, reparasjon av motorvogner","Begge kjønn","67-74 år","Sysselsatte personer etter bosted","2018",32,3,0,5,47,0,11,98
"272","Varehandel, reparasjon av motorvogner","Begge kjønn","67-74 år","Sysselsatte personer etter bosted","2019",31,3,0,8,39,0,13,94
"273","Varehandel, reparasjon av motorvogner","Begge kjønn","67-74 år","Sysselsatte personer etter bosted","2020",29,3,0,11,36,0,12,91
"274","Transport og lagring","Begge kjønn","15-74 år","Sysselsatte personer etter bosted","2008",1054,93,55,295,1474,25,222,3218
"275","Transport og lagring","Begge kjønn","15-74 år","Sysselsatte personer etter bosted","2009",1035,98,51,274,1493,27,207,3185
"276","Transport og lagring","Begge kjønn","15-74 år","Sysselsatte personer etter bosted","2010",1005,93,52,254,1504,27,203,3138
"277","Transport og lagring","Begge kjønn","15-74 år","Sysselsatte personer etter bosted","2011",969,96,47,269,1439,27,192,3039
"278","Transport og lagring","Begge kjønn","15-74 år","Sysselsatte personer etter bosted","2012",973,98,50,270,1482,21,187,3081
"279","Transport og lagring","Begge kjønn","15-74 år","Sysselsatte personer etter bosted","2013",969,98,56,278,1443,23,184,3051
"280","Transport og lagring","Begge kjønn","15-74 år","Sysselsatte personer etter bosted","2014",1031,94,56,293,1447,19,202,3142
"281","Transport og lagring","Begge kjønn","15-74 år","Sysselsatte personer etter bosted","2015",1029,87,56,297,1405,20,228,3122
"282","Transport og lagring","Begge kjønn","15-74 år","Sysselsatte personer etter bosted","2016",999,94,58,290,1330,19,214,3004
"283","Transport og lagring","Begge kjønn","15-74 år","Sysselsatte personer etter bosted","2017",990,100,56,295,1352,18,202,3013
"284","Transport og lagring","Begge kjønn","15-74 år","Sysselsatte personer etter bosted","2018",1021,84,53,283,1375,19,207,3042
"285","Transport og lagring","Begge kjønn","15-74 år","Sysselsatte personer etter bosted","2019",1006,86,47,293,1365,20,206,3023
"286","Transport og lagring","Begge kjønn","15-74 år","Sysselsatte personer etter bosted","2020",968,94,47,287,1313,24,193,2926
"287","Transport og lagring","Begge kjønn","55-66 år","Sysselsatte personer etter bosted","2008",237,23,8,62,272,4,60,666
"288","Transport og lagring","Begge kjønn","55-66 år","Sysselsatte personer etter bosted","2009",229,23,7,56,282,3,60,660
"289","Transport og lagring","Begge kjønn","55-66 år","Sysselsatte personer etter bosted","2010",225,23,7,48,300,3,64,670
"290","Transport og lagring","Begge kjønn","55-66 år","Sysselsatte personer etter bosted","2011",219,27,6,53,284,3,58,650
"291","Transport og lagring","Begge kjønn","55-66 år","Sysselsatte personer etter bosted","2012",213,28,9,60,302,3,55,670
"292","Transport og lagring","Begge kjønn","55-66 år","Sysselsatte personer etter bosted","2013",216,30,10,64,315,3,51,689
"293","Transport og lagring","Begge kjønn","55-66 år","Sysselsatte personer etter bosted","2014",212,30,10,66,314,0,54,686
"294","Transport og lagring","Begge kjønn","55-66 år","Sysselsatte personer etter bosted","2015",215,24,16,71,312,3,49,690
"295","Transport og lagring","Begge kjønn","55-66 år","Sysselsatte personer etter bosted","2016",204,27,15,67,304,3,43,663
"296","Transport og lagring","Begge kjønn","55-66 år","Sysselsatte personer etter bosted","2017",192,29,19,73,314,3,45,675
"297","Transport og lagring","Begge kjønn","55-66 år","Sysselsatte personer etter bosted","2018",190,27,18,67,306,3,51,662
"298","Transport og lagring","Begge kjønn","55-66 år","Sysselsatte personer etter bosted","2019",190,24,17,72,327,0,47,677
"299","Transport og lagring","Begge kjønn","55-66 år","Sysselsatte personer etter bosted","2020",190,28,13,75,331,6,47,690
"300","Transport og lagring","Begge kjønn","67-74 år","Sysselsatte personer etter bosted","2008",19,5,0,5,32,0,8,69
"301","Transport og lagring","Begge kjønn","67-74 år","Sysselsatte personer etter bosted","2009",16,4,0,11,32,0,10,73
"302","Transport og lagring","Begge kjønn","67-74 år","Sysselsatte personer etter bosted","2010",18,3,0,9,30,0,8,68
"303","Transport og lagring","Begge kjønn","67-74 år","Sysselsatte personer etter bosted","2011",28,0,0,8,35,0,12,83
"304","Transport og lagring","Begge kjønn","67-74 år","Sysselsatte personer etter bosted","2012",30,3,0,10,43,0,15,101
"305","Transport og lagring","Begge kjønn","67-74 år","Sysselsatte personer etter bosted","2013",36,3,0,9,47,0,19,114
"306","Transport og lagring","Begge kjønn","67-74 år","Sysselsatte personer etter bosted","2014",39,3,3,15,52,0,21,133
"307","Transport og lagring","Begge kjønn","67-74 år","Sysselsatte personer etter bosted","2015",37,3,0,12,32,0,19,103
"308","Transport og lagring","Begge kjønn","67-74 år","Sysselsatte personer etter bosted","2016",35,3,0,11,27,0,19,95
"309","Transport og lagring","Begge kjønn","67-74 år","Sysselsatte personer etter bosted","2017",42,3,0,12,33,0,21,111
"310","Transport og lagring","Begge kjønn","67-74 år","Sysselsatte personer etter bosted","2018",45,0,0,15,39,0,20,119
"311","Transport og lagring","Begge kjønn","67-74 år","Sysselsatte personer etter bosted","2019",44,3,0,16,41,0,11,115
"312","Transport og lagring","Begge kjønn","67-74 år","Sysselsatte personer etter bosted","2020",41,3,6,15,40,0,13,118
"313","Overnattings- og serveringsvirksomhet","Begge kjønn","15-74 år","Sysselsatte personer etter bosted","2008",723,59,12,204,603,12,102,1715
"314","Overnattings- og serveringsvirksomhet","Begge kjønn","15-74 år","Sysselsatte personer etter bosted","2009",681,69,16,194,580,3,127,1670
"315","Overnattings- og serveringsvirksomhet","Begge kjønn","15-74 år","Sysselsatte personer etter bosted","2010",759,71,17,193,613,6,132,1791
"316","Overnattings- og serveringsvirksomhet","Begge kjønn","15-74 år","Sysselsatte personer etter bosted","2011",763,75,12,196,586,3,141,1776
"317","Overnattings- og serveringsvirksomhet","Begge kjønn","15-74 år","Sysselsatte personer etter bosted","2012",824,58,9,194,597,6,110,1798
"318","Overnattings- og serveringsvirksomhet","Begge kjønn","15-74 år","Sysselsatte personer etter bosted","2013",875,66,3,189,668,9,87,1897
"319","Overnattings- og serveringsvirksomhet","Begge kjønn","15-74 år","Sysselsatte personer etter bosted","2014",864,56,3,187,675,6,92,1883
"320","Overnattings- og serveringsvirksomhet","Begge kjønn","15-74 år","Sysselsatte personer etter bosted","2015",746,60,6,145,547,0,50,1554
"321","Overnattings- og serveringsvirksomhet","Begge kjønn","15-74 år","Sysselsatte personer etter bosted","2016",772,59,3,161,525,3,50,1573
"322","Overnattings- og serveringsvirksomhet","Begge kjønn","15-74 år","Sysselsatte personer etter bosted","2017",815,67,6,153,518,3,55,1617
"323","Overnattings- og serveringsvirksomhet","Begge kjønn","15-74 år","Sysselsatte personer etter bosted","2018",805,67,3,131,571,0,51,1628
"324","Overnattings- og serveringsvirksomhet","Begge kjønn","15-74 år","Sysselsatte personer etter bosted","2019",804,67,3,135,549,3,53,1614
"325","Overnattings- og serveringsvirksomhet","Begge kjønn","15-74 år","Sysselsatte personer etter bosted","2020",693,40,6,119,541,0,64,1463
"326","Overnattings- og serveringsvirksomhet","Begge kjønn","55-66 år","Sysselsatte personer etter bosted","2008",45,0,0,19,37,3,10,114
"327","Overnattings- og serveringsvirksomhet","Begge kjønn","55-66 år","Sysselsatte personer etter bosted","2009",51,3,0,17,45,0,10,126
"328","Overnattings- og serveringsvirksomhet","Begge kjønn","55-66 år","Sysselsatte personer etter bosted","2010",54,4,0,17,49,3,16,143
"329","Overnattings- og serveringsvirksomhet","Begge kjønn","55-66 år","Sysselsatte personer etter bosted","2011",50,7,0,21,46,0,15,139
"330","Overnattings- og serveringsvirksomhet","Begge kjønn","55-66 år","Sysselsatte personer etter bosted","2012",59,3,0,20,48,0,16,146
"331","Overnattings- og serveringsvirksomhet","Begge kjønn","55-66 år","Sysselsatte personer etter bosted","2013",59,6,0,14,48,0,16,143
"332","Overnattings- og serveringsvirksomhet","Begge kjønn","55-66 år","Sysselsatte personer etter bosted","2014",63,3,0,14,56,0,17,153
"333","Overnattings- og serveringsvirksomhet","Begge kjønn","55-66 år","Sysselsatte personer etter bosted","2015",61,4,3,11,47,0,12,138
"334","Overnattings- og serveringsvirksomhet","Begge kjønn","55-66 år","Sysselsatte personer etter bosted","2016",67,3,3,15,42,0,11,141
"335","Overnattings- og serveringsvirksomhet","Begge kjønn","55-66 år","Sysselsatte personer etter bosted","2017",73,3,3,16,47,0,11,153
"336","Overnattings- og serveringsvirksomhet","Begge kjønn","55-66 år","Sysselsatte personer etter bosted","2018",68,4,0,17,54,0,9,152
"337","Overnattings- og serveringsvirksomhet","Begge kjønn","55-66 år","Sysselsatte personer etter bosted","2019",69,7,3,18,54,0,8,159
"338","Overnattings- og serveringsvirksomhet","Begge kjønn","55-66 år","Sysselsatte personer etter bosted","2020",67,3,3,15,52,0,11,151
"339","Overnattings- og serveringsvirksomhet","Begge kjønn","67-74 år","Sysselsatte personer etter bosted","2008",7,0,0,0,3,0,0,10
"340","Overnattings- og serveringsvirksomhet","Begge kjønn","67-74 år","Sysselsatte personer etter bosted","2009",6,0,3,3,6,0,3,21
"341","Overnattings- og serveringsvirksomhet","Begge kjønn","67-74 år","Sysselsatte personer etter bosted","2010",4,0,0,3,8,0,3,18
"342","Overnattings- og serveringsvirksomhet","Begge kjønn","67-74 år","Sysselsatte personer etter bosted","2011",9,0,0,3,12,0,3,27
"343","Overnattings- og serveringsvirksomhet","Begge kjønn","67-74 år","Sysselsatte personer etter bosted","2012",10,0,0,3,9,0,0,22
"344","Overnattings- og serveringsvirksomhet","Begge kjønn","67-74 år","Sysselsatte personer etter bosted","2013",5,0,0,3,9,3,0,20
"345","Overnattings- og serveringsvirksomhet","Begge kjønn","67-74 år","Sysselsatte personer etter bosted","2014",3,0,0,6,8,0,3,20
"346","Overnattings- og serveringsvirksomhet","Begge kjønn","67-74 år","Sysselsatte personer etter bosted","2015",3,0,0,3,7,0,0,13
"347","Overnattings- og serveringsvirksomhet","Begge kjønn","67-74 år","Sysselsatte personer etter bosted","2016",3,0,0,3,6,3,0,15
"348","Overnattings- og serveringsvirksomhet","Begge kjønn","67-74 år","Sysselsatte personer etter bosted","2017",3,0,0,3,5,3,0,14
"349","Overnattings- og serveringsvirksomhet","Begge kjønn","67-74 år","Sysselsatte personer etter bosted","2018",3,3,0,3,3,0,0,12
"350","Overnattings- og serveringsvirksomhet","Begge kjønn","67-74 år","Sysselsatte personer etter bosted","2019",6,0,0,3,3,0,0,12
"351","Overnattings- og serveringsvirksomhet","Begge kjønn","67-74 år","Sysselsatte personer etter bosted","2020",3,0,0,0,7,0,0,10
"352","Informasjon og kommunikasjon","Begge kjønn","15-74 år","Sysselsatte personer etter bosted","2008",376,23,6,60,271,0,108,844
"353","Informasjon og kommunikasjon","Begge kjønn","15-74 år","Sysselsatte personer etter bosted","2009",351,20,3,64,267,0,103,808
"354","Informasjon og kommunikasjon","Begge kjønn","15-74 år","Sysselsatte personer etter bosted","2010",393,20,6,75,276,0,101,871
"355","Informasjon og kommunikasjon","Begge kjønn","15-74 år","Sysselsatte personer etter bosted","2011",400,24,6,80,289,0,119,918
"356","Informasjon og kommunikasjon","Begge kjønn","15-74 år","Sysselsatte personer etter bosted","2012",386,25,6,92,312,0,135,956
"357","Informasjon og kommunikasjon","Begge kjønn","15-74 år","Sysselsatte personer etter bosted","2013",400,23,6,96,298,0,134,957
"358","Informasjon og kommunikasjon","Begge kjønn","15-74 år","Sysselsatte personer etter bosted","2014",403,20,6,79,292,0,103,903
"359","Informasjon og kommunikasjon","Begge kjønn","15-74 år","Sysselsatte personer etter bosted","2015",371,23,3,77,276,0,91,841
"360","Informasjon og kommunikasjon","Begge kjønn","15-74 år","Sysselsatte personer etter bosted","2016",362,14,3,81,273,0,94,827
"361","Informasjon og kommunikasjon","Begge kjønn","15-74 år","Sysselsatte personer etter bosted","2017",364,12,3,83,284,0,76,822
"362","Informasjon og kommunikasjon","Begge kjønn","15-74 år","Sysselsatte personer etter bosted","2018",415,10,3,77,303,0,81,889
"363","Informasjon og kommunikasjon","Begge kjønn","15-74 år","Sysselsatte personer etter bosted","2019",443,21,6,90,327,0,103,990
"364","Informasjon og kommunikasjon","Begge kjønn","15-74 år","Sysselsatte personer etter bosted","2020",484,19,6,98,334,0,98,1039
"365","Informasjon og kommunikasjon","Begge kjønn","55-66 år","Sysselsatte personer etter bosted","2008",54,3,0,12,37,0,3,109
"366","Informasjon og kommunikasjon","Begge kjønn","55-66 år","Sysselsatte personer etter bosted","2009",46,3,0,11,35,0,6,101
"367","Informasjon og kommunikasjon","Begge kjønn","55-66 år","Sysselsatte personer etter bosted","2010",59,3,3,14,35,0,8,122
"368","Informasjon og kommunikasjon","Begge kjønn","55-66 år","Sysselsatte personer etter bosted","2011",58,3,0,14,36,0,13,124
"369","Informasjon og kommunikasjon","Begge kjønn","55-66 år","Sysselsatte personer etter bosted","2012",53,0,0,14,38,0,11,116
"370","Informasjon og kommunikasjon","Begge kjønn","55-66 år","Sysselsatte personer etter bosted","2013",50,0,3,15,42,0,13,123
"371","Informasjon og kommunikasjon","Begge kjønn","55-66 år","Sysselsatte personer etter bosted","2014",47,0,3,16,38,0,14,118
"372","Informasjon og kommunikasjon","Begge kjønn","55-66 år","Sysselsatte personer etter bosted","2015",37,3,0,14,32,0,10,96
"373","Informasjon og kommunikasjon","Begge kjønn","55-66 år","Sysselsatte personer etter bosted","2016",39,0,0,11,32,0,15,97
"374","Informasjon og kommunikasjon","Begge kjønn","55-66 år","Sysselsatte personer etter bosted","2017",57,0,0,14,36,0,13,120
"375","Informasjon og kommunikasjon","Begge kjønn","55-66 år","Sysselsatte personer etter bosted","2018",58,0,0,16,34,0,10,118
"376","Informasjon og kommunikasjon","Begge kjønn","55-66 år","Sysselsatte personer etter bosted","2019",59,3,0,18,36,0,15,131
"377","Informasjon og kommunikasjon","Begge kjønn","55-66 år","Sysselsatte personer etter bosted","2020",58,3,0,18,37,0,19,135
"378","Informasjon og kommunikasjon","Begge kjønn","67-74 år","Sysselsatte personer etter bosted","2008",7,0,0,0,0,0,0,7
"379","Informasjon og kommunikasjon","Begge kjønn","67-74 år","Sysselsatte personer etter bosted","2009",8,0,0,0,3,0,0,11
"380","Informasjon og kommunikasjon","Begge kjønn","67-74 år","Sysselsatte personer etter bosted","2010",7,0,0,0,3,0,0,10
"381","Informasjon og kommunikasjon","Begge kjønn","67-74 år","Sysselsatte personer etter bosted","2011",8,3,0,0,3,0,3,17
"382","Informasjon og kommunikasjon","Begge kjønn","67-74 år","Sysselsatte personer etter bosted","2012",6,3,0,0,6,0,3,18
"383","Informasjon og kommunikasjon","Begge kjønn","67-74 år","Sysselsatte personer etter bosted","2013",10,3,0,3,4,0,0,20
"384","Informasjon og kommunikasjon","Begge kjønn","67-74 år","Sysselsatte personer etter bosted","2014",3,0,0,0,3,0,0,6
"385","Informasjon og kommunikasjon","Begge kjønn","67-74 år","Sysselsatte personer etter bosted","2015",6,0,0,0,6,0,0,12
"386","Informasjon og kommunikasjon","Begge kjønn","67-74 år","Sysselsatte personer etter bosted","2016",3,0,0,3,3,0,0,9
"387","Informasjon og kommunikasjon","Begge kjønn","67-74 år","Sysselsatte personer etter bosted","2017",0,0,0,3,3,0,0,6
"388","Informasjon og kommunikasjon","Begge kjønn","67-74 år","Sysselsatte personer etter bosted","2018",3,0,0,0,3,0,0,6
"389","Informasjon og kommunikasjon","Begge kjønn","67-74 år","Sysselsatte personer etter bosted","2019",6,0,0,3,6,0,3,18
"390","Informasjon og kommunikasjon","Begge kjønn","67-74 år","Sysselsatte personer etter bosted","2020",7,0,0,3,0,0,0,10
"391","Finansiering og forsikring","Begge kjønn","15-74 år","Sysselsatte personer etter bosted","2008",245,17,3,40,174,0,28,507
"392","Finansiering og forsikring","Begge kjønn","15-74 år","Sysselsatte personer etter bosted","2009",233,15,3,37,167,0,23,478
"393","Finansiering og forsikring","Begge kjønn","15-74 år","Sysselsatte personer etter bosted","2010",215,18,0,34,168,0,26,461
"394","Finansiering og forsikring","Begge kjønn","15-74 år","Sysselsatte personer etter bosted","2011",198,15,3,31,160,0,24,431
"395","Finansiering og forsikring","Begge kjønn","15-74 år","Sysselsatte personer etter bosted","2012",187,10,3,28,154,0,28,410
"396","Finansiering og forsikring","Begge kjønn","15-74 år","Sysselsatte personer etter bosted","2013",173,9,0,27,147,0,26,382
"397","Finansiering og forsikring","Begge kjønn","15-74 år","Sysselsatte personer etter bosted","2014",162,9,0,32,142,0,29,374
"398","Finansiering og forsikring","Begge kjønn","15-74 år","Sysselsatte personer etter bosted","2015",156,6,3,24,136,0,21,346
"399","Finansiering og forsikring","Begge kjønn","15-74 år","Sysselsatte personer etter bosted","2016",148,6,3,21,133,0,21,332
"400","Finansiering og forsikring","Begge kjønn","15-74 år","Sysselsatte personer etter bosted","2017",147,6,0,26,124,0,21,324
"401","Finansiering og forsikring","Begge kjønn","15-74 år","Sysselsatte personer etter bosted","2018",141,6,3,26,106,0,22,304
"402","Finansiering og forsikring","Begge kjønn","15-74 år","Sysselsatte personer etter bosted","2019",132,6,0,23,107,0,22,290
"403","Finansiering og forsikring","Begge kjønn","15-74 år","Sysselsatte personer etter bosted","2020",128,3,3,28,119,0,22,303
"404","Finansiering og forsikring","Begge kjønn","55-66 år","Sysselsatte personer etter bosted","2008",87,6,3,15,49,0,9,169
"405","Finansiering og forsikring","Begge kjønn","55-66 år","Sysselsatte personer etter bosted","2009",81,3,0,14,46,0,5,149
"406","Finansiering og forsikring","Begge kjønn","55-66 år","Sysselsatte personer etter bosted","2010",75,6,0,12,45,0,9,147
"407","Finansiering og forsikring","Begge kjønn","55-66 år","Sysselsatte personer etter bosted","2011",75,3,0,11,47,0,10,146
"408","Finansiering og forsikring","Begge kjønn","55-66 år","Sysselsatte personer etter bosted","2012",79,3,0,10,47,0,10,149
"409","Finansiering og forsikring","Begge kjønn","55-66 år","Sysselsatte personer etter bosted","2013",76,0,0,10,46,0,12,144
"410","Finansiering og forsikring","Begge kjønn","55-66 år","Sysselsatte personer etter bosted","2014",67,3,0,12,49,0,8,139
"411","Finansiering og forsikring","Begge kjønn","55-66 år","Sysselsatte personer etter bosted","2015",60,0,0,8,48,0,7,123
"412","Finansiering og forsikring","Begge kjønn","55-66 år","Sysselsatte personer etter bosted","2016",55,0,0,3,51,0,7,116
"413","Finansiering og forsikring","Begge kjønn","55-66 år","Sysselsatte personer etter bosted","2017",50,0,0,4,40,0,5,99
"414","Finansiering og forsikring","Begge kjønn","55-66 år","Sysselsatte personer etter bosted","2018",46,0,0,7,36,0,6,95
"415","Finansiering og forsikring","Begge kjønn","55-66 år","Sysselsatte personer etter bosted","2019",43,0,0,7,31,0,3,84
"416","Finansiering og forsikring","Begge kjønn","55-66 år","Sysselsatte personer etter bosted","2020",38,0,0,7,29,0,6,80
"417","Finansiering og forsikring","Begge kjønn","67-74 år","Sysselsatte personer etter bosted","2008",3,0,0,0,3,0,0,6
"418","Finansiering og forsikring","Begge kjønn","67-74 år","Sysselsatte personer etter bosted","2009",3,0,0,0,3,0,0,6
"419","Finansiering og forsikring","Begge kjønn","67-74 år","Sysselsatte personer etter bosted","2010",3,0,0,0,3,0,0,6
"420","Finansiering og forsikring","Begge kjønn","67-74 år","Sysselsatte personer etter bosted","2011",3,0,0,0,0,0,0,3
"421","Finansiering og forsikring","Begge kjønn","67-74 år","Sysselsatte personer etter bosted","2012",3,0,0,0,3,0,0,6
"422","Finansiering og forsikring","Begge kjønn","67-74 år","Sysselsatte personer etter bosted","2013",3,0,0,0,0,0,0,3
"423","Finansiering og forsikring","Begge kjønn","67-74 år","Sysselsatte personer etter bosted","2014",0,0,0,3,0,0,3,6
"424","Finansiering og forsikring","Begge kjønn","67-74 år","Sysselsatte personer etter bosted","2015",0,0,0,0,0,0,0,0
"425","Finansiering og forsikring","Begge kjønn","67-74 år","Sysselsatte personer etter bosted","2016",3,0,0,3,0,0,0,6
"426","Finansiering og forsikring","Begge kjønn","67-74 år","Sysselsatte personer etter bosted","2017",6,0,0,3,0,0,0,9
"427","Finansiering og forsikring","Begge kjønn","67-74 år","Sysselsatte personer etter bosted","2018",6,0,0,3,0,0,0,9
"428","Finansiering og forsikring","Begge kjønn","67-74 år","Sysselsatte personer etter bosted","2019",0,0,0,0,3,0,0,3
"429","Finansiering og forsikring","Begge kjønn","67-74 år","Sysselsatte personer etter bosted","2020",3,0,0,0,6,0,0,9
"430","Teknisk tjenesteyting, eiendomsdrift","Begge kjønn","15-74 år","Sysselsatte personer etter bosted","2008",757,43,6,121,657,3,127,1714
"431","Teknisk tjenesteyting, eiendomsdrift","Begge kjønn","15-74 år","Sysselsatte personer etter bosted","2009",803,41,9,141,691,3,124,1812
"432","Teknisk tjenesteyting, eiendomsdrift","Begge kjønn","15-74 år","Sysselsatte personer etter bosted","2010",894,49,11,158,753,3,122,1990
"433","Teknisk tjenesteyting, eiendomsdrift","Begge kjønn","15-74 år","Sysselsatte personer etter bosted","2011",923,52,12,157,771,3,120,2038
"434","Teknisk tjenesteyting, eiendomsdrift","Begge kjønn","15-74 år","Sysselsatte personer etter bosted","2012",966,58,6,181,769,3,131,2114
"435","Teknisk tjenesteyting, eiendomsdrift","Begge kjønn","15-74 år","Sysselsatte personer etter bosted","2013",1002,54,6,197,808,3,143,2213
"436","Teknisk tjenesteyting, eiendomsdrift","Begge kjønn","15-74 år","Sysselsatte personer etter bosted","2014",1054,64,6,210,812,3,174,2323
"437","Teknisk tjenesteyting, eiendomsdrift","Begge kjønn","15-74 år","Sysselsatte personer etter bosted","2015",974,53,3,202,822,3,144,2201
"438","Teknisk tjenesteyting, eiendomsdrift","Begge kjønn","15-74 år","Sysselsatte personer etter bosted","2016",958,51,3,198,824,0,142,2176
"439","Teknisk tjenesteyting, eiendomsdrift","Begge kjønn","15-74 år","Sysselsatte personer etter bosted","2017",993,45,3,200,823,0,156,2220
"440","Teknisk tjenesteyting, eiendomsdrift","Begge kjønn","15-74 år","Sysselsatte personer etter bosted","2018",930,41,3,172,795,0,163,2104
"441","Teknisk tjenesteyting, eiendomsdrift","Begge kjønn","15-74 år","Sysselsatte personer etter bosted","2019",952,40,3,191,818,0,187,2191
"442","Teknisk tjenesteyting, eiendomsdrift","Begge kjønn","15-74 år","Sysselsatte personer etter bosted","2020",917,41,6,172,750,0,170,2056
"443","Teknisk tjenesteyting, eiendomsdrift","Begge kjønn","55-66 år","Sysselsatte personer etter bosted","2008",135,11,3,26,133,0,19,327
"444","Teknisk tjenesteyting, eiendomsdrift","Begge kjønn","55-66 år","Sysselsatte personer etter bosted","2009",155,10,0,28,148,3,21,365
"445","Teknisk tjenesteyting, eiendomsdrift","Begge kjønn","55-66 år","Sysselsatte personer etter bosted","2010",183,14,0,27,157,3,20,404
"446","Teknisk tjenesteyting, eiendomsdrift","Begge kjønn","55-66 år","Sysselsatte personer etter bosted","2011",186,15,0,29,160,3,20,413
"447","Teknisk tjenesteyting, eiendomsdrift","Begge kjønn","55-66 år","Sysselsatte personer etter bosted","2012",183,11,0,30,156,3,22,405
"448","Teknisk tjenesteyting, eiendomsdrift","Begge kjønn","55-66 år","Sysselsatte personer etter bosted","2013",192,12,0,36,169,3,27,439
"449","Teknisk tjenesteyting, eiendomsdrift","Begge kjønn","55-66 år","Sysselsatte personer etter bosted","2014",194,17,0,38,169,3,28,449
"450","Teknisk tjenesteyting, eiendomsdrift","Begge kjønn","55-66 år","Sysselsatte personer etter bosted","2015",192,12,0,30,160,0,31,425
"451","Teknisk tjenesteyting, eiendomsdrift","Begge kjønn","55-66 år","Sysselsatte personer etter bosted","2016",182,8,0,29,151,0,28,398
"452","Teknisk tjenesteyting, eiendomsdrift","Begge kjønn","55-66 år","Sysselsatte personer etter bosted","2017",182,9,0,23,153,0,33,400
"453","Teknisk tjenesteyting, eiendomsdrift","Begge kjønn","55-66 år","Sysselsatte personer etter bosted","2018",169,7,0,23,141,0,39,379
"454","Teknisk tjenesteyting, eiendomsdrift","Begge kjønn","55-66 år","Sysselsatte personer etter bosted","2019",175,5,0,27,146,0,43,396
"455","Teknisk tjenesteyting, eiendomsdrift","Begge kjønn","55-66 år","Sysselsatte personer etter bosted","2020",165,5,0,24,137,0,47,378
"456","Teknisk tjenesteyting, eiendomsdrift","Begge kjønn","67-74 år","Sysselsatte personer etter bosted","2008",14,0,0,5,16,3,9,47
"457","Teknisk tjenesteyting, eiendomsdrift","Begge kjønn","67-74 år","Sysselsatte personer etter bosted","2009",19,3,0,9,19,0,4,54
"458","Teknisk tjenesteyting, eiendomsdrift","Begge kjønn","67-74 år","Sysselsatte personer etter bosted","2010",18,0,0,4,28,0,7,57
"459","Teknisk tjenesteyting, eiendomsdrift","Begge kjønn","67-74 år","Sysselsatte personer etter bosted","2011",26,3,3,3,28,0,3,66
"460","Teknisk tjenesteyting, eiendomsdrift","Begge kjønn","67-74 år","Sysselsatte personer etter bosted","2012",27,3,0,9,31,0,6,76
"461","Teknisk tjenesteyting, eiendomsdrift","Begge kjønn","67-74 år","Sysselsatte personer etter bosted","2013",38,3,0,5,37,0,8,91
"462","Teknisk tjenesteyting, eiendomsdrift","Begge kjønn","67-74 år","Sysselsatte personer etter bosted","2014",35,4,0,9,44,0,9,101
"463","Teknisk tjenesteyting, eiendomsdrift","Begge kjønn","67-74 år","Sysselsatte personer etter bosted","2015",24,3,0,9,39,0,3,78
"464","Teknisk tjenesteyting, eiendomsdrift","Begge kjønn","67-74 år","Sysselsatte personer etter bosted","2016",38,3,0,9,40,0,10,100
"465","Teknisk tjenesteyting, eiendomsdrift","Begge kjønn","67-74 år","Sysselsatte personer etter bosted","2017",49,4,0,10,39,0,9,111
"466","Teknisk tjenesteyting, eiendomsdrift","Begge kjønn","67-74 år","Sysselsatte personer etter bosted","2018",55,3,0,9,47,0,10,124
"467","Teknisk tjenesteyting, eiendomsdrift","Begge kjønn","67-74 år","Sysselsatte personer etter bosted","2019",56,0,0,12,53,0,9,130
"468","Teknisk tjenesteyting, eiendomsdrift","Begge kjønn","67-74 år","Sysselsatte personer etter bosted","2020",45,0,0,11,55,0,6,117
"469","Forretningsmessig tjenesteyting","Begge kjønn","15-74 år","Sysselsatte personer etter bosted","2008",1019,114,9,183,781,10,206,2322
"470","Forretningsmessig tjenesteyting","Begge kjønn","15-74 år","Sysselsatte personer etter bosted","2009",831,94,6,148,725,12,197,2013
"471","Forretningsmessig tjenesteyting","Begge kjønn","15-74 år","Sysselsatte personer etter bosted","2010",854,83,12,139,743,6,199,2036
"472","Forretningsmessig tjenesteyting","Begge kjønn","15-74 år","Sysselsatte personer etter bosted","2011",921,84,10,184,837,12,250,2298
"473","Forretningsmessig tjenesteyting","Begge kjønn","15-74 år","Sysselsatte personer etter bosted","2012",944,85,12,200,946,9,262,2458
"474","Forretningsmessig tjenesteyting","Begge kjønn","15-74 år","Sysselsatte personer etter bosted","2013",865,78,16,228,900,10,268,2365
"475","Forretningsmessig tjenesteyting","Begge kjønn","15-74 år","Sysselsatte personer etter bosted","2014",930,97,10,220,857,6,282,2402
"476","Forretningsmessig tjenesteyting","Begge kjønn","15-74 år","Sysselsatte personer etter bosted","2015",762,75,10,207,714,6,190,1964
"477","Forretningsmessig tjenesteyting","Begge kjønn","15-74 år","Sysselsatte personer etter bosted","2016",807,71,12,206,751,3,196,2046
"478","Forretningsmessig tjenesteyting","Begge kjønn","15-74 år","Sysselsatte personer etter bosted","2017",891,79,12,240,839,6,195,2262
"479","Forretningsmessig tjenesteyting","Begge kjønn","15-74 år","Sysselsatte personer etter bosted","2018",874,85,9,224,849,6,201,2248
"480","Forretningsmessig tjenesteyting","Begge kjønn","15-74 år","Sysselsatte personer etter bosted","2019",913,81,6,228,843,6,192,2269
"481","Forretningsmessig tjenesteyting","Begge kjønn","15-74 år","Sysselsatte personer etter bosted","2020",883,79,6,239,824,3,165,2199
"482","Forretningsmessig tjenesteyting","Begge kjønn","55-66 år","Sysselsatte personer etter bosted","2008",117,16,3,22,134,0,30,322
"483","Forretningsmessig tjenesteyting","Begge kjønn","55-66 år","Sysselsatte personer etter bosted","2009",101,7,3,24,131,3,23,292
"484","Forretningsmessig tjenesteyting","Begge kjønn","55-66 år","Sysselsatte personer etter bosted","2010",103,11,6,16,129,0,30,295
"485","Forretningsmessig tjenesteyting","Begge kjønn","55-66 år","Sysselsatte personer etter bosted","2011",119,7,3,26,145,3,31,334
"486","Forretningsmessig tjenesteyting","Begge kjønn","55-66 år","Sysselsatte personer etter bosted","2012",121,6,3,30,160,0,33,353
"487","Forretningsmessig tjenesteyting","Begge kjønn","55-66 år","Sysselsatte personer etter bosted","2013",113,11,0,42,143,0,36,345
"488","Forretningsmessig tjenesteyting","Begge kjønn","55-66 år","Sysselsatte personer etter bosted","2014",127,10,0,44,152,0,47,380
"489","Forretningsmessig tjenesteyting","Begge kjønn","55-66 år","Sysselsatte personer etter bosted","2015",99,11,0,36,148,3,42,339
"490","Forretningsmessig tjenesteyting","Begge kjønn","55-66 år","Sysselsatte personer etter bosted","2016",106,11,3,34,143,0,44,341
"491","Forretningsmessig tjenesteyting","Begge kjønn","55-66 år","Sysselsatte personer etter bosted","2017",120,11,0,38,159,3,46,377
"492","Forretningsmessig tjenesteyting","Begge kjønn","55-66 år","Sysselsatte personer etter bosted","2018",132,14,0,40,159,0,49,394
"493","Forretningsmessig tjenesteyting","Begge kjønn","55-66 år","Sysselsatte personer etter bosted","2019",131,14,0,41,160,3,46,395
"494","Forretningsmessig tjenesteyting","Begge kjønn","55-66 år","Sysselsatte personer etter bosted","2020",142,8,3,38,157,0,47,395
"495","Forretningsmessig tjenesteyting","Begge kjønn","67-74 år","Sysselsatte personer etter bosted","2008",10,7,0,3,17,0,3,40
"496","Forretningsmessig tjenesteyting","Begge kjønn","67-74 år","Sysselsatte personer etter bosted","2009",7,7,0,3,16,0,0,33
"497","Forretningsmessig tjenesteyting","Begge kjønn","67-74 år","Sysselsatte personer etter bosted","2010",5,0,0,4,9,0,0,18
"498","Forretningsmessig tjenesteyting","Begge kjønn","67-74 år","Sysselsatte personer etter bosted","2011",5,3,0,3,12,0,3,26
"499","Forretningsmessig tjenesteyting","Begge kjønn","67-74 år","Sysselsatte personer etter bosted","2012",10,3,0,0,18,0,3,34
"500","Forretningsmessig tjenesteyting","Begge kjønn","67-74 år","Sysselsatte personer etter bosted","2013",13,0,0,3,18,0,7,41
"501","Forretningsmessig tjenesteyting","Begge kjønn","67-74 år","Sysselsatte personer etter bosted","2014",15,0,0,3,10,0,3,31
"502","Forretningsmessig tjenesteyting","Begge kjønn","67-74 år","Sysselsatte personer etter bosted","2015",14,3,0,4,11,0,3,35
"503","Forretningsmessig tjenesteyting","Begge kjønn","67-74 år","Sysselsatte personer etter bosted","2016",11,0,0,4,10,0,3,28
"504","Forretningsmessig tjenesteyting","Begge kjønn","67-74 år","Sysselsatte personer etter bosted","2017",9,3,3,3,13,0,6,37
"505","Forretningsmessig tjenesteyting","Begge kjønn","67-74 år","Sysselsatte personer etter bosted","2018",5,0,0,3,21,0,3,32
"506","Forretningsmessig tjenesteyting","Begge kjønn","67-74 år","Sysselsatte personer etter bosted","2019",12,3,0,3,17,0,5,40
"507","Forretningsmessig tjenesteyting","Begge kjønn","67-74 år","Sysselsatte personer etter bosted","2020",18,3,0,0,12,0,8,41
"508","Off.adm., forsvar, sosialforsikring","Begge kjønn","15-74 år","Sysselsatte personer etter bosted","2008",685,91,18,161,612,9,176,1752
"509","Off.adm., forsvar, sosialforsikring","Begge kjønn","15-74 år","Sysselsatte personer etter bosted","2009",713,101,20,179,615,7,176,1811
"510","Off.adm., forsvar, sosialforsikring","Begge kjønn","15-74 år","Sysselsatte personer etter bosted","2010",770,103,17,169,622,14,171,1866
"511","Off.adm., forsvar, sosialforsikring","Begge kjønn","15-74 år","Sysselsatte personer etter bosted","2011",764,112,19,193,635,8,187,1918
"512","Off.adm., forsvar, sosialforsikring","Begge kjønn","15-74 år","Sysselsatte personer etter bosted","2012",828,102,19,192,674,10,188,2013
"513","Off.adm., forsvar, sosialforsikring","Begge kjønn","15-74 år","Sysselsatte personer etter bosted","2013",875,109,17,194,677,9,197,2078
"514","Off.adm., forsvar, sosialforsikring","Begge kjønn","15-74 år","Sysselsatte personer etter bosted","2014",886,98,18,195,717,9,194,2117
"515","Off.adm., forsvar, sosialforsikring","Begge kjønn","15-74 år","Sysselsatte personer etter bosted","2015",832,96,12,174,666,12,175,1967
"516","Off.adm., forsvar, sosialforsikring","Begge kjønn","15-74 år","Sysselsatte personer etter bosted","2016",848,99,18,191,730,6,181,2073
"517","Off.adm., forsvar, sosialforsikring","Begge kjønn","15-74 år","Sysselsatte personer etter bosted","2017",834,102,17,195,708,6,175,2037
"518","Off.adm., forsvar, sosialforsikring","Begge kjønn","15-74 år","Sysselsatte personer etter bosted","2018",861,96,16,203,658,6,190,2030
"519","Off.adm., forsvar, sosialforsikring","Begge kjønn","15-74 år","Sysselsatte personer etter bosted","2019",935,91,21,210,687,6,194,2144
"520","Off.adm., forsvar, sosialforsikring","Begge kjønn","15-74 år","Sysselsatte personer etter bosted","2020",864,94,14,244,701,3,177,2097
"521","Off.adm., forsvar, sosialforsikring","Begge kjønn","55-66 år","Sysselsatte personer etter bosted","2008",139,20,7,43,131,4,56,400
"522","Off.adm., forsvar, sosialforsikring","Begge kjønn","55-66 år","Sysselsatte personer etter bosted","2009",138,24,6,41,125,3,54,391
"523","Off.adm., forsvar, sosialforsikring","Begge kjønn","55-66 år","Sysselsatte personer etter bosted","2010",153,22,6,43,134,3,50,411
"524","Off.adm., forsvar, sosialforsikring","Begge kjønn","55-66 år","Sysselsatte personer etter bosted","2011",166,24,7,35,138,3,51,424
"525","Off.adm., forsvar, sosialforsikring","Begge kjønn","55-66 år","Sysselsatte personer etter bosted","2012",163,23,7,35,137,3,49,417
"526","Off.adm., forsvar, sosialforsikring","Begge kjønn","55-66 år","Sysselsatte personer etter bosted","2013",179,27,8,39,147,0,50,450
"527","Off.adm., forsvar, sosialforsikring","Begge kjønn","55-66 år","Sysselsatte personer etter bosted","2014",179,28,3,35,149,3,47,444
"528","Off.adm., forsvar, sosialforsikring","Begge kjønn","55-66 år","Sysselsatte personer etter bosted","2015",180,26,6,34,160,3,43,452
"529","Off.adm., forsvar, sosialforsikring","Begge kjønn","55-66 år","Sysselsatte personer etter bosted","2016",169,25,6,33,168,3,38,442
"530","Off.adm., forsvar, sosialforsikring","Begge kjønn","55-66 år","Sysselsatte personer etter bosted","2017",155,26,7,28,160,3,35,414
"531","Off.adm., forsvar, sosialforsikring","Begge kjønn","55-66 år","Sysselsatte personer etter bosted","2018",153,21,7,32,148,3,38,402
"532","Off.adm., forsvar, sosialforsikring","Begge kjønn","55-66 år","Sysselsatte personer etter bosted","2019",158,20,8,39,153,3,46,427
"533","Off.adm., forsvar, sosialforsikring","Begge kjønn","55-66 år","Sysselsatte personer etter bosted","2020",149,21,8,42,155,3,43,421
"534","Off.adm., forsvar, sosialforsikring","Begge kjønn","67-74 år","Sysselsatte personer etter bosted","2008",4,0,0,3,6,0,3,16
"535","Off.adm., forsvar, sosialforsikring","Begge kjønn","67-74 år","Sysselsatte personer etter bosted","2009",6,0,0,3,7,0,3,19
"536","Off.adm., forsvar, sosialforsikring","Begge kjønn","67-74 år","Sysselsatte personer etter bosted","2010",24,3,0,0,7,0,0,34
"537","Off.adm., forsvar, sosialforsikring","Begge kjønn","67-74 år","Sysselsatte personer etter bosted","2011",25,0,0,6,13,0,7,51
"538","Off.adm., forsvar, sosialforsikring","Begge kjønn","67-74 år","Sysselsatte personer etter bosted","2012",22,0,0,6,9,0,3,40
"539","Off.adm., forsvar, sosialforsikring","Begge kjønn","67-74 år","Sysselsatte personer etter bosted","2013",16,3,0,8,6,3,6,42
"540","Off.adm., forsvar, sosialforsikring","Begge kjønn","67-74 år","Sysselsatte personer etter bosted","2014",15,3,0,7,11,0,7,43
"541","Off.adm., forsvar, sosialforsikring","Begge kjønn","67-74 år","Sysselsatte personer etter bosted","2015",10,3,0,8,10,3,3,37
"542","Off.adm., forsvar, sosialforsikring","Begge kjønn","67-74 år","Sysselsatte personer etter bosted","2016",18,3,0,7,7,0,5,40
"543","Off.adm., forsvar, sosialforsikring","Begge kjønn","67-74 år","Sysselsatte personer etter bosted","2017",11,3,3,9,9,0,7,42
"544","Off.adm., forsvar, sosialforsikring","Begge kjønn","67-74 år","Sysselsatte personer etter bosted","2018",14,3,0,3,11,0,9,40
"545","Off.adm., forsvar, sosialforsikring","Begge kjønn","67-74 år","Sysselsatte personer etter bosted","2019",7,3,3,0,9,3,7,32
"546","Off.adm., forsvar, sosialforsikring","Begge kjønn","67-74 år","Sysselsatte personer etter bosted","2020",7,3,0,3,9,0,7,29
"547","Undervisning","Begge kjønn","15-74 år","Sysselsatte personer etter bosted","2008",1324,199,25,398,1336,13,327,3622
"548","Undervisning","Begge kjønn","15-74 år","Sysselsatte personer etter bosted","2009",1427,206,28,422,1379,13,311,3786
"549","Undervisning","Begge kjønn","15-74 år","Sysselsatte personer etter bosted","2010",1466,206,33,422,1390,13,314,3844
"550","Undervisning","Begge kjønn","15-74 år","Sysselsatte personer etter bosted","2011",1465,211,35,437,1369,15,310,3842
"551","Undervisning","Begge kjønn","15-74 år","Sysselsatte personer etter bosted","2012",1519,197,23,443,1379,14,319,3894
"552","Undervisning","Begge kjønn","15-74 år","Sysselsatte personer etter bosted","2013",1507,193,32,406,1408,14,327,3887
"553","Undervisning","Begge kjønn","15-74 år","Sysselsatte personer etter bosted","2014",1538,195,28,411,1465,19,317,3973
"554","Undervisning","Begge kjønn","15-74 år","Sysselsatte personer etter bosted","2015",1526,201,27,383,1437,11,313,3898
"555","Undervisning","Begge kjønn","15-74 år","Sysselsatte personer etter bosted","2016",1603,217,24,416,1449,16,311,4036
"556","Undervisning","Begge kjønn","15-74 år","Sysselsatte personer etter bosted","2017",1639,205,23,402,1463,11,312,4055
"557","Undervisning","Begge kjønn","15-74 år","Sysselsatte personer etter bosted","2018",1636,214,23,413,1497,15,313,4111
"558","Undervisning","Begge kjønn","15-74 år","Sysselsatte personer etter bosted","2019",1612,195,24,411,1509,15,319,4085
"559","Undervisning","Begge kjønn","15-74 år","Sysselsatte personer etter bosted","2020",1600,205,22,414,1512,11,327,4091
"560","Undervisning","Begge kjønn","55-66 år","Sysselsatte personer etter bosted","2008",309,51,7,110,312,3,86,878
"561","Undervisning","Begge kjønn","55-66 år","Sysselsatte personer etter bosted","2009",338,49,8,112,320,7,81,915
"562","Undervisning","Begge kjønn","55-66 år","Sysselsatte personer etter bosted","2010",357,49,7,111,316,4,79,923
"563","Undervisning","Begge kjønn","55-66 år","Sysselsatte personer etter bosted","2011",361,56,8,113,311,7,73,929
"564","Undervisning","Begge kjønn","55-66 år","Sysselsatte personer etter bosted","2012",374,59,10,113,323,6,75,960
"565","Undervisning","Begge kjønn","55-66 år","Sysselsatte personer etter bosted","2013",366,52,9,105,309,4,75,920
"566","Undervisning","Begge kjønn","55-66 år","Sysselsatte personer etter bosted","2014",374,60,10,95,323,4,70,936
"567","Undervisning","Begge kjønn","55-66 år","Sysselsatte personer etter bosted","2015",375,58,9,88,304,5,65,904
"568","Undervisning","Begge kjønn","55-66 år","Sysselsatte personer etter bosted","2016",389,57,8,95,317,7,64,937
"569","Undervisning","Begge kjønn","55-66 år","Sysselsatte personer etter bosted","2017",375,57,12,89,298,8,65,904
"570","Undervisning","Begge kjønn","55-66 år","Sysselsatte personer etter bosted","2018",377,56,11,90,274,5,66,879
"571","Undervisning","Begge kjønn","55-66 år","Sysselsatte personer etter bosted","2019",373,50,8,80,272,5,71,859
"572","Undervisning","Begge kjønn","55-66 år","Sysselsatte personer etter bosted","2020",360,47,8,85,264,5,77,846
"573","Undervisning","Begge kjønn","67-74 år","Sysselsatte personer etter bosted","2008",33,0,0,3,17,0,6,59
"574","Undervisning","Begge kjønn","67-74 år","Sysselsatte personer etter bosted","2009",36,8,0,5,14,0,4,67
"575","Undervisning","Begge kjønn","67-74 år","Sysselsatte personer etter bosted","2010",38,6,0,8,21,0,3,76
"576","Undervisning","Begge kjønn","67-74 år","Sysselsatte personer etter bosted","2011",35,3,0,10,25,0,3,76
"577","Undervisning","Begge kjønn","67-74 år","Sysselsatte personer etter bosted","2012",36,0,0,8,33,0,3,80
"578","Undervisning","Begge kjønn","67-74 år","Sysselsatte personer etter bosted","2013",39,0,0,9,36,3,3,90
"579","Undervisning","Begge kjønn","67-74 år","Sysselsatte personer etter bosted","2014",55,0,0,12,40,3,3,113
"580","Undervisning","Begge kjønn","67-74 år","Sysselsatte personer etter bosted","2015",26,3,0,11,24,0,4,68
"581","Undervisning","Begge kjønn","67-74 år","Sysselsatte personer etter bosted","2016",28,3,0,12,22,3,5,73
"582","Undervisning","Begge kjønn","67-74 år","Sysselsatte personer etter bosted","2017",37,0,0,12,21,0,5,75
"583","Undervisning","Begge kjønn","67-74 år","Sysselsatte personer etter bosted","2018",39,3,0,8,25,0,3,78
"584","Undervisning","Begge kjønn","67-74 år","Sysselsatte personer etter bosted","2019",33,0,0,7,25,0,6,71
"585","Undervisning","Begge kjønn","67-74 år","Sysselsatte personer etter bosted","2020",29,0,0,6,15,0,3,53
"586","Helse- og sosialtjenester","Begge kjønn","15-74 år","Sysselsatte personer etter bosted","2008",3648,539,68,946,3660,22,610,9493
"587","Helse- og sosialtjenester","Begge kjønn","15-74 år","Sysselsatte personer etter bosted","2009",3679,557,69,973,3786,23,638,9725
"588","Helse- og sosialtjenester","Begge kjønn","15-74 år","Sysselsatte personer etter bosted","2010",3679,552,66,1001,3763,24,619,9704
"589","Helse- og sosialtjenester","Begge kjønn","15-74 år","Sysselsatte personer etter bosted","2011",3832,543,64,1010,3890,25,637,10001
"590","Helse- og sosialtjenester","Begge kjønn","15-74 år","Sysselsatte personer etter bosted","2012",3715,508,75,1023,3893,23,671,9908
"591","Helse- og sosialtjenester","Begge kjønn","15-74 år","Sysselsatte personer etter bosted","2013",3783,501,77,1032,3952,20,685,10050
"592","Helse- og sosialtjenester","Begge kjønn","15-74 år","Sysselsatte personer etter bosted","2014",3851,541,77,1082,4028,25,731,10335
"593","Helse- og sosialtjenester","Begge kjønn","15-74 år","Sysselsatte personer etter bosted","2015",3969,506,76,1081,4051,27,718,10428
"594","Helse- og sosialtjenester","Begge kjønn","15-74 år","Sysselsatte personer etter bosted","2016",3998,500,73,1060,4087,25,714,10457
"595","Helse- og sosialtjenester","Begge kjønn","15-74 år","Sysselsatte personer etter bosted","2017",4067,504,75,1086,4152,30,733,10647
"596","Helse- og sosialtjenester","Begge kjønn","15-74 år","Sysselsatte personer etter bosted","2018",4107,490,74,1112,4232,25,744,10784
"597","Helse- og sosialtjenester","Begge kjønn","15-74 år","Sysselsatte personer etter bosted","2019",4187,506,88,1119,4263,18,730,10911
"598","Helse- og sosialtjenester","Begge kjønn","15-74 år","Sysselsatte personer etter bosted","2020",4259,513,89,1107,4259,25,753,11005
"599","Helse- og sosialtjenester","Begge kjønn","55-66 år","Sysselsatte personer etter bosted","2008",641,94,12,145,595,5,92,1584
"600","Helse- og sosialtjenester","Begge kjønn","55-66 år","Sysselsatte personer etter bosted","2009",676,96,15,156,611,7,106,1667
"601","Helse- og sosialtjenester","Begge kjønn","55-66 år","Sysselsatte personer etter bosted","2010",723,100,14,161,622,4,104,1728
"602","Helse- og sosialtjenester","Begge kjønn","55-66 år","Sysselsatte personer etter bosted","2011",760,103,13,163,645,4,120,1808
"603","Helse- og sosialtjenester","Begge kjønn","55-66 år","Sysselsatte personer etter bosted","2012",759,100,12,170,691,5,126,1863
"604","Helse- og sosialtjenester","Begge kjønn","55-66 år","Sysselsatte personer etter bosted","2013",803,104,11,177,714,3,131,1943
"605","Helse- og sosialtjenester","Begge kjønn","55-66 år","Sysselsatte personer etter bosted","2014",819,108,13,185,721,3,144,1993
"606","Helse- og sosialtjenester","Begge kjønn","55-66 år","Sysselsatte personer etter bosted","2015",842,107,13,192,692,3,146,1995
"607","Helse- og sosialtjenester","Begge kjønn","55-66 år","Sysselsatte personer etter bosted","2016",827,107,16,186,717,3,143,1999
"608","Helse- og sosialtjenester","Begge kjønn","55-66 år","Sysselsatte personer etter bosted","2017",857,111,10,201,713,8,158,2058
"609","Helse- og sosialtjenester","Begge kjønn","55-66 år","Sysselsatte personer etter bosted","2018",845,104,10,187,714,6,151,2017
"610","Helse- og sosialtjenester","Begge kjønn","55-66 år","Sysselsatte personer etter bosted","2019",824,110,16,189,736,6,154,2035
"611","Helse- og sosialtjenester","Begge kjønn","55-66 år","Sysselsatte personer etter bosted","2020",833,106,15,187,733,5,164,2043
"612","Helse- og sosialtjenester","Begge kjønn","67-74 år","Sysselsatte personer etter bosted","2008",69,17,0,18,34,0,6,144
"613","Helse- og sosialtjenester","Begge kjønn","67-74 år","Sysselsatte personer etter bosted","2009",72,13,0,18,46,0,15,164
"614","Helse- og sosialtjenester","Begge kjønn","67-74 år","Sysselsatte personer etter bosted","2010",49,13,0,19,41,0,13,135
"615","Helse- og sosialtjenester","Begge kjønn","67-74 år","Sysselsatte personer etter bosted","2011",61,12,0,23,49,0,11,156
"616","Helse- og sosialtjenester","Begge kjønn","67-74 år","Sysselsatte personer etter bosted","2012",62,5,0,25,39,0,9,140
"617","Helse- og sosialtjenester","Begge kjønn","67-74 år","Sysselsatte personer etter bosted","2013",65,6,0,25,51,0,16,163
"618","Helse- og sosialtjenester","Begge kjønn","67-74 år","Sysselsatte personer etter bosted","2014",60,12,3,25,58,3,18,179
"619","Helse- og sosialtjenester","Begge kjønn","67-74 år","Sysselsatte personer etter bosted","2015",81,10,0,27,76,3,20,217
"620","Helse- og sosialtjenester","Begge kjønn","67-74 år","Sysselsatte personer etter bosted","2016",98,13,0,19,72,3,21,226
"621","Helse- og sosialtjenester","Begge kjønn","67-74 år","Sysselsatte personer etter bosted","2017",85,9,3,22,74,3,19,215
"622","Helse- og sosialtjenester","Begge kjønn","67-74 år","Sysselsatte personer etter bosted","2018",95,9,3,22,76,3,19,227
"623","Helse- og sosialtjenester","Begge kjønn","67-74 år","Sysselsatte personer etter bosted","2019",102,8,0,20,75,3,11,219
"624","Helse- og sosialtjenester","Begge kjønn","67-74 år","Sysselsatte personer etter bosted","2020",101,8,3,16,68,0,10,206
"625","Personlig tjenesteyting","Begge kjønn","15-74 år","Sysselsatte personer etter bosted","2008",516,60,3,113,557,3,74,1326
"626","Personlig tjenesteyting","Begge kjønn","15-74 år","Sysselsatte personer etter bosted","2009",507,87,3,108,555,3,78,1341
"627","Personlig tjenesteyting","Begge kjønn","15-74 år","Sysselsatte personer etter bosted","2010",506,65,6,116,532,3,79,1307
"628","Personlig tjenesteyting","Begge kjønn","15-74 år","Sysselsatte personer etter bosted","2011",548,70,3,111,532,3,73,1340
"629","Personlig tjenesteyting","Begge kjønn","15-74 år","Sysselsatte personer etter bosted","2012",545,67,9,128,523,3,75,1350
"630","Personlig tjenesteyting","Begge kjønn","15-74 år","Sysselsatte personer etter bosted","2013",560,72,9,124,536,6,78,1385
"631","Personlig tjenesteyting","Begge kjønn","15-74 år","Sysselsatte personer etter bosted","2014",567,54,6,119,528,3,85,1362
"632","Personlig tjenesteyting","Begge kjønn","15-74 år","Sysselsatte personer etter bosted","2015",582,60,6,116,571,3,95,1433
"633","Personlig tjenesteyting","Begge kjønn","15-74 år","Sysselsatte personer etter bosted","2016",614,63,3,123,595,3,92,1493
"634","Personlig tjenesteyting","Begge kjønn","15-74 år","Sysselsatte personer etter bosted","2017",642,60,3,133,600,6,95,1539
"635","Personlig tjenesteyting","Begge kjønn","15-74 år","Sysselsatte personer etter bosted","2018",642,65,6,129,558,3,87,1490
"636","Personlig tjenesteyting","Begge kjønn","15-74 år","Sysselsatte personer etter bosted","2019",608,65,9,149,570,6,79,1486
"637","Personlig tjenesteyting","Begge kjønn","15-74 år","Sysselsatte personer etter bosted","2020",605,61,7,127,561,3,81,1445
"638","Personlig tjenesteyting","Begge kjønn","55-66 år","Sysselsatte personer etter bosted","2008",81,12,0,16,86,0,15,210
"639","Personlig tjenesteyting","Begge kjønn","55-66 år","Sysselsatte personer etter bosted","2009",81,12,0,16,89,3,13,214
"640","Personlig tjenesteyting","Begge kjønn","55-66 år","Sysselsatte personer etter bosted","2010",74,15,3,16,78,3,17,206
"641","Personlig tjenesteyting","Begge kjønn","55-66 år","Sysselsatte personer etter bosted","2011",79,13,0,18,83,3,16,212
"642","Personlig tjenesteyting","Begge kjønn","55-66 år","Sysselsatte personer etter bosted","2012",98,11,3,18,82,0,19,231
"643","Personlig tjenesteyting","Begge kjønn","55-66 år","Sysselsatte personer etter bosted","2013",97,12,3,16,90,3,22,243
"644","Personlig tjenesteyting","Begge kjønn","55-66 år","Sysselsatte personer etter bosted","2014",93,11,3,20,87,3,24,241
"645","Personlig tjenesteyting","Begge kjønn","55-66 år","Sysselsatte personer etter bosted","2015",81,15,3,21,91,0,24,235
"646","Personlig tjenesteyting","Begge kjønn","55-66 år","Sysselsatte personer etter bosted","2016",97,15,0,24,99,0,25,260
"647","Personlig tjenesteyting","Begge kjønn","55-66 år","Sysselsatte personer etter bosted","2017",100,14,0,25,94,0,24,257
"648","Personlig tjenesteyting","Begge kjønn","55-66 år","Sysselsatte personer etter bosted","2018",97,15,0,26,88,0,23,249
"649","Personlig tjenesteyting","Begge kjønn","55-66 år","Sysselsatte personer etter bosted","2019",100,15,0,35,89,0,24,263
"650","Personlig tjenesteyting","Begge kjønn","55-66 år","Sysselsatte personer etter bosted","2020",101,14,0,30,98,0,22,265
"651","Personlig tjenesteyting","Begge kjønn","67-74 år","Sysselsatte personer etter bosted","2008",16,0,0,3,13,0,3,35
"652","Personlig tjenesteyting","Begge kjønn","67-74 år","Sysselsatte personer etter bosted","2009",17,3,0,3,14,0,3,40
"653","Personlig tjenesteyting","Begge kjønn","67-74 år","Sysselsatte personer etter bosted","2010",16,3,0,6,14,0,3,42
"654","Personlig tjenesteyting","Begge kjønn","67-74 år","Sysselsatte personer etter bosted","2011",16,3,0,7,14,0,3,43
"655","Personlig tjenesteyting","Begge kjønn","67-74 år","Sysselsatte personer etter bosted","2012",15,4,0,7,15,0,3,44
"656","Personlig tjenesteyting","Begge kjønn","67-74 år","Sysselsatte personer etter bosted","2013",20,6,0,4,19,0,4,53
"657","Personlig tjenesteyting","Begge kjønn","67-74 år","Sysselsatte personer etter bosted","2014",24,3,0,7,25,0,6,65
"658","Personlig tjenesteyting","Begge kjønn","67-74 år","Sysselsatte personer etter bosted","2015",21,3,0,4,26,0,3,57
"659","Personlig tjenesteyting","Begge kjønn","67-74 år","Sysselsatte personer etter bosted","2016",22,3,0,6,20,0,4,55
"660","Personlig tjenesteyting","Begge kjønn","67-74 år","Sysselsatte personer etter bosted","2017",25,0,0,6,16,3,3,53
"661","Personlig tjenesteyting","Begge kjønn","67-74 år","Sysselsatte personer etter bosted","2018",25,3,0,10,28,3,4,73
"662","Personlig tjenesteyting","Begge kjønn","67-74 år","Sysselsatte personer etter bosted","2019",24,4,3,11,25,3,3,73
"663","Personlig tjenesteyting","Begge kjønn","67-74 år","Sysselsatte personer etter bosted","2020",22,4,0,3,18,0,6,53
"664","Uoppgitt","Begge kjønn","15-74 år","Sysselsatte personer etter bosted","2008",77,10,0,19,101,0,21,228
"665","Uoppgitt","Begge kjønn","15-74 år","Sysselsatte personer etter bosted","2009",82,9,0,24,95,0,18,228
"666","Uoppgitt","Begge kjønn","15-74 år","Sysselsatte personer etter bosted","2010",93,18,3,27,95,0,27,263
"667","Uoppgitt","Begge kjønn","15-74 år","Sysselsatte personer etter bosted","2011",81,12,3,24,91,0,19,230
"668","Uoppgitt","Begge kjønn","15-74 år","Sysselsatte personer etter bosted","2012",86,11,3,24,95,0,16,235
"669","Uoppgitt","Begge kjønn","15-74 år","Sysselsatte personer etter bosted","2013",76,11,3,23,108,0,17,238
"670","Uoppgitt","Begge kjønn","15-74 år","Sysselsatte personer etter bosted","2014",77,10,3,27,99,0,22,238
"671","Uoppgitt","Begge kjønn","15-74 år","Sysselsatte personer etter bosted","2015",130,25,3,53,170,0,45,426
"672","Uoppgitt","Begge kjønn","15-74 år","Sysselsatte personer etter bosted","2016",113,18,6,51,170,3,44,405
"673","Uoppgitt","Begge kjønn","15-74 år","Sysselsatte personer etter bosted","2017",121,22,3,47,156,3,40,392
"674","Uoppgitt","Begge kjønn","15-74 år","Sysselsatte personer etter bosted","2018",112,16,3,44,139,0,38,352
"675","Uoppgitt","Begge kjønn","15-74 år","Sysselsatte personer etter bosted","2019",99,18,6,37,130,3,35,328
"676","Uoppgitt","Begge kjønn","15-74 år","Sysselsatte personer etter bosted","2020",91,18,0,29,110,0,31,279
"677","Uoppgitt","Begge kjønn","55-66 år","Sysselsatte personer etter bosted","2008",23,4,0,3,33,0,7,70
"678","Uoppgitt","Begge kjønn","55-66 år","Sysselsatte personer etter bosted","2009",20,3,0,3,32,0,6,64
"679","Uoppgitt","Begge kjønn","55-66 år","Sysselsatte personer etter bosted","2010",23,6,0,9,32,0,8,78
"680","Uoppgitt","Begge kjønn","55-66 år","Sysselsatte personer etter bosted","2011",24,5,3,7,28,0,4,71
"681","Uoppgitt","Begge kjønn","55-66 år","Sysselsatte personer etter bosted","2012",27,5,3,5,28,0,3,71
"682","Uoppgitt","Begge kjønn","55-66 år","Sysselsatte personer etter bosted","2013",21,8,0,9,34,0,6,78
"683","Uoppgitt","Begge kjønn","55-66 år","Sysselsatte personer etter bosted","2014",20,4,3,9,30,0,6,72
"684","Uoppgitt","Begge kjønn","55-66 år","Sysselsatte personer etter bosted","2015",39,7,3,22,55,0,13,139
"685","Uoppgitt","Begge kjønn","55-66 år","Sysselsatte personer etter bosted","2016",32,8,0,18,43,3,12,116
"686","Uoppgitt","Begge kjønn","55-66 år","Sysselsatte personer etter bosted","2017",29,4,0,17,44,3,10,107
"687","Uoppgitt","Begge kjønn","55-66 år","Sysselsatte personer etter bosted","2018",32,4,0,19,38,0,4,97
"688","Uoppgitt","Begge kjønn","55-66 år","Sysselsatte personer etter bosted","2019",25,6,0,15,35,3,10,94
"689","Uoppgitt","Begge kjønn","55-66 år","Sysselsatte personer etter bosted","2020",18,6,0,11,34,0,13,82
"690","Uoppgitt","Begge kjønn","67-74 år","Sysselsatte personer etter bosted","2008",11,0,0,0,11,0,3,25
"691","Uoppgitt","Begge kjønn","67-74 år","Sysselsatte personer etter bosted","2009",10,0,0,3,10,0,0,23
"692","Uoppgitt","Begge kjønn","67-74 år","Sysselsatte personer etter bosted","2010",10,3,0,3,10,0,3,29
"693","Uoppgitt","Begge kjønn","67-74 år","Sysselsatte personer etter bosted","2011",9,0,0,0,8,0,0,17
"694","Uoppgitt","Begge kjønn","67-74 år","Sysselsatte personer etter bosted","2012",3,3,0,3,14,0,0,23
"695","Uoppgitt","Begge kjønn","67-74 år","Sysselsatte personer etter bosted","2013",9,0,0,6,13,0,0,28
"696","Uoppgitt","Begge kjønn","67-74 år","Sysselsatte personer etter bosted","2014",10,3,0,3,12,0,3,31
"697","Uoppgitt","Begge kjønn","67-74 år","Sysselsatte personer etter bosted","2015",23,8,0,11,36,0,10,88
"698","Uoppgitt","Begge kjønn","67-74 år","Sysselsatte personer etter bosted","2016",22,3,3,8,49,0,10,95
"699","Uoppgitt","Begge kjønn","67-74 år","Sysselsatte personer etter bosted","2017",28,9,0,11,44,0,11,103
"700","Uoppgitt","Begge kjønn","67-74 år","Sysselsatte personer etter bosted","2018",21,6,0,12,43,0,16,98
"701","Uoppgitt","Begge kjønn","67-74 år","Sysselsatte personer etter bosted","2019",20,6,0,10,41,0,15,92
"702","Uoppgitt","Begge kjønn","67-74 år","Sysselsatte personer etter bosted","2020",25,6,0,5,31,0,10,77
