Aar,NACE2007,SN2007,alder,sysselsatte,knavn
2008,00-99,Alle næringer,15-74 år,2525000,Hele landet
2009,00-99,Alle næringer,15-74 år,2497001,Hele landet
2010,00-99,Alle næringer,15-74 år,2517001,Hele landet
2011,00-99,Alle næringer,15-74 år,2562000,Hele landet
2012,00-99,Alle næringer,15-74 år,2588999,Hele landet
2013,00-99,Alle næringer,15-74 år,2619000,Hele landet
2014,00-99,Alle næringer,15-74 år,2650000,Hele landet
2015,00-99,Alle næringer,15-74 år,2597065,Hele landet
2016,00-99,Alle næringer,15-74 år,2613653,Hele landet
2017,00-99,Alle næringer,15-74 år,2647298,Hele landet
2018,00-99,Alle næringer,15-74 år,2683448,Hele landet
2019,00-99,Alle næringer,15-74 år,2710435,Hele landet
2020,00-99,Alle næringer,15-74 år,2681547,Hele landet
2008,00-99,Alle næringer,55-66 år,443277,Hele landet
2009,00-99,Alle næringer,55-66 år,449146,Hele landet
2010,00-99,Alle næringer,55-66 år,455646,Hele landet
2011,00-99,Alle næringer,55-66 år,464700,Hele landet
2012,00-99,Alle næringer,55-66 år,474412,Hele landet
2013,00-99,Alle næringer,55-66 år,480776,Hele landet
2014,00-99,Alle næringer,55-66 år,487505,Hele landet
2015,00-99,Alle næringer,55-66 år,480919,Hele landet
2016,00-99,Alle næringer,55-66 år,484446,Hele landet
2017,00-99,Alle næringer,55-66 år,490855,Hele landet
2018,00-99,Alle næringer,55-66 år,499571,Hele landet
2019,00-99,Alle næringer,55-66 år,509244,Hele landet
2020,00-99,Alle næringer,55-66 år,512879,Hele landet
2008,00-99,Alle næringer,67-74 år,51351,Hele landet
2009,00-99,Alle næringer,67-74 år,54631,Hele landet
2010,00-99,Alle næringer,67-74 år,57743,Hele landet
2011,00-99,Alle næringer,67-74 år,62139,Hele landet
2012,00-99,Alle næringer,67-74 år,67981,Hele landet
2013,00-99,Alle næringer,67-74 år,74668,Hele landet
2014,00-99,Alle næringer,67-74 år,78659,Hele landet
2015,00-99,Alle næringer,67-74 år,74730,Hele landet
2016,00-99,Alle næringer,67-74 år,77479,Hele landet
2017,00-99,Alle næringer,67-74 år,79498,Hele landet
2018,00-99,Alle næringer,67-74 år,81105,Hele landet
2019,00-99,Alle næringer,67-74 år,82406,Hele landet
2020,00-99,Alle næringer,67-74 år,80286,Hele landet
2008,01-03,"Jordbruk, skogbruk og fiske",15-74 år,76821,Hele landet
2009,01-03,"Jordbruk, skogbruk og fiske",15-74 år,75205,Hele landet
2010,01-03,"Jordbruk, skogbruk og fiske",15-74 år,71822,Hele landet
2011,01-03,"Jordbruk, skogbruk og fiske",15-74 år,67727,Hele landet
2012,01-03,"Jordbruk, skogbruk og fiske",15-74 år,65446,Hele landet
2013,01-03,"Jordbruk, skogbruk og fiske",15-74 år,63820,Hele landet
2014,01-03,"Jordbruk, skogbruk og fiske",15-74 år,63508,Hele landet
2015,01-03,"Jordbruk, skogbruk og fiske",15-74 år,63362,Hele landet
2016,01-03,"Jordbruk, skogbruk og fiske",15-74 år,64006,Hele landet
2017,01-03,"Jordbruk, skogbruk og fiske",15-74 år,64243,Hele landet
2018,01-03,"Jordbruk, skogbruk og fiske",15-74 år,63273,Hele landet
2019,01-03,"Jordbruk, skogbruk og fiske",15-74 år,63102,Hele landet
2020,01-03,"Jordbruk, skogbruk og fiske",15-74 år,63723,Hele landet
2008,01-03,"Jordbruk, skogbruk og fiske",55-66 år,19720,Hele landet
2009,01-03,"Jordbruk, skogbruk og fiske",55-66 år,19360,Hele landet
2010,01-03,"Jordbruk, skogbruk og fiske",55-66 år,17959,Hele landet
2011,01-03,"Jordbruk, skogbruk og fiske",55-66 år,16793,Hele landet
2012,01-03,"Jordbruk, skogbruk og fiske",55-66 år,16658,Hele landet
2013,01-03,"Jordbruk, skogbruk og fiske",55-66 år,15753,Hele landet
2014,01-03,"Jordbruk, skogbruk og fiske",55-66 år,15314,Hele landet
2015,01-03,"Jordbruk, skogbruk og fiske",55-66 år,15822,Hele landet
2016,01-03,"Jordbruk, skogbruk og fiske",55-66 år,15770,Hele landet
2017,01-03,"Jordbruk, skogbruk og fiske",55-66 år,15707,Hele landet
2018,01-03,"Jordbruk, skogbruk og fiske",55-66 år,15395,Hele landet
2019,01-03,"Jordbruk, skogbruk og fiske",55-66 år,15332,Hele landet
2020,01-03,"Jordbruk, skogbruk og fiske",55-66 år,15378,Hele landet
2008,01-03,"Jordbruk, skogbruk og fiske",67-74 år,7806,Hele landet
2009,01-03,"Jordbruk, skogbruk og fiske",67-74 år,8025,Hele landet
2010,01-03,"Jordbruk, skogbruk og fiske",67-74 år,7288,Hele landet
2011,01-03,"Jordbruk, skogbruk og fiske",67-74 år,6962,Hele landet
2012,01-03,"Jordbruk, skogbruk og fiske",67-74 år,9239,Hele landet
2013,01-03,"Jordbruk, skogbruk og fiske",67-74 år,9580,Hele landet
2014,01-03,"Jordbruk, skogbruk og fiske",67-74 år,9847,Hele landet
2015,01-03,"Jordbruk, skogbruk og fiske",67-74 år,9433,Hele landet
2016,01-03,"Jordbruk, skogbruk og fiske",67-74 år,9705,Hele landet
2017,01-03,"Jordbruk, skogbruk og fiske",67-74 år,9785,Hele landet
2018,01-03,"Jordbruk, skogbruk og fiske",67-74 år,9352,Hele landet
2019,01-03,"Jordbruk, skogbruk og fiske",67-74 år,9177,Hele landet
2020,01-03,"Jordbruk, skogbruk og fiske",67-74 år,9443,Hele landet
2008,05-09,Bergverksdrift og utvinning,15-74 år,43265,Hele landet
2009,05-09,Bergverksdrift og utvinning,15-74 år,44521,Hele landet
2010,05-09,Bergverksdrift og utvinning,15-74 år,52726,Hele landet
2011,05-09,Bergverksdrift og utvinning,15-74 år,56181,Hele landet
2012,05-09,Bergverksdrift og utvinning,15-74 år,61974,Hele landet
2013,05-09,Bergverksdrift og utvinning,15-74 år,65295,Hele landet
2014,05-09,Bergverksdrift og utvinning,15-74 år,66674,Hele landet
2015,05-09,Bergverksdrift og utvinning,15-74 år,60036,Hele landet
2016,05-09,Bergverksdrift og utvinning,15-74 år,53003,Hele landet
2017,05-09,Bergverksdrift og utvinning,15-74 år,53191,Hele landet
2018,05-09,Bergverksdrift og utvinning,15-74 år,54360,Hele landet
2019,05-09,Bergverksdrift og utvinning,15-74 år,58757,Hele landet
2020,05-09,Bergverksdrift og utvinning,15-74 år,58755,Hele landet
2008,05-09,Bergverksdrift og utvinning,55-66 år,6313,Hele landet
2009,05-09,Bergverksdrift og utvinning,55-66 år,6125,Hele landet
2010,05-09,Bergverksdrift og utvinning,55-66 år,7763,Hele landet
2011,05-09,Bergverksdrift og utvinning,55-66 år,8612,Hele landet
2012,05-09,Bergverksdrift og utvinning,55-66 år,9710,Hele landet
2013,05-09,Bergverksdrift og utvinning,55-66 år,10470,Hele landet
2014,05-09,Bergverksdrift og utvinning,55-66 år,11326,Hele landet
2015,05-09,Bergverksdrift og utvinning,55-66 år,11007,Hele landet
2016,05-09,Bergverksdrift og utvinning,55-66 år,10717,Hele landet
2017,05-09,Bergverksdrift og utvinning,55-66 år,11253,Hele landet
2018,05-09,Bergverksdrift og utvinning,55-66 år,11878,Hele landet
2019,05-09,Bergverksdrift og utvinning,55-66 år,12851,Hele landet
2020,05-09,Bergverksdrift og utvinning,55-66 år,13448,Hele landet
2008,05-09,Bergverksdrift og utvinning,67-74 år,160,Hele landet
2009,05-09,Bergverksdrift og utvinning,67-74 år,197,Hele landet
2010,05-09,Bergverksdrift og utvinning,67-74 år,263,Hele landet
2011,05-09,Bergverksdrift og utvinning,67-74 år,331,Hele landet
2012,05-09,Bergverksdrift og utvinning,67-74 år,350,Hele landet
2013,05-09,Bergverksdrift og utvinning,67-74 år,399,Hele landet
2014,05-09,Bergverksdrift og utvinning,67-74 år,408,Hele landet
2015,05-09,Bergverksdrift og utvinning,67-74 år,289,Hele landet
2016,05-09,Bergverksdrift og utvinning,67-74 år,287,Hele landet
2017,05-09,Bergverksdrift og utvinning,67-74 år,314,Hele landet
2018,05-09,Bergverksdrift og utvinning,67-74 år,369,Hele landet
2019,05-09,Bergverksdrift og utvinning,67-74 år,488,Hele landet
2020,05-09,Bergverksdrift og utvinning,67-74 år,524,Hele landet
2008,10-33,Industri,15-74 år,255945,Hele landet
2009,10-33,Industri,15-74 år,239608,Hele landet
2010,10-33,Industri,15-74 år,227141,Hele landet
2011,10-33,Industri,15-74 år,229316,Hele landet
2012,10-33,Industri,15-74 år,229225,Hele landet
2013,10-33,Industri,15-74 år,230923,Hele landet
2014,10-33,Industri,15-74 år,231796,Hele landet
2015,10-33,Industri,15-74 år,215641,Hele landet
2016,10-33,Industri,15-74 år,208207,Hele landet
2017,10-33,Industri,15-74 år,207192,Hele landet
2018,10-33,Industri,15-74 år,208829,Hele landet
2019,10-33,Industri,15-74 år,210776,Hele landet
2020,10-33,Industri,15-74 år,206842,Hele landet
2008,10-33,Industri,55-66 år,45725,Hele landet
2009,10-33,Industri,55-66 år,44360,Hele landet
2010,10-33,Industri,55-66 år,42534,Hele landet
2011,10-33,Industri,55-66 år,43186,Hele landet
2012,10-33,Industri,55-66 år,44006,Hele landet
2013,10-33,Industri,55-66 år,44601,Hele landet
2014,10-33,Industri,55-66 år,45416,Hele landet
2015,10-33,Industri,55-66 år,43215,Hele landet
2016,10-33,Industri,55-66 år,42793,Hele landet
2017,10-33,Industri,55-66 år,43352,Hele landet
2018,10-33,Industri,55-66 år,44480,Hele landet
2019,10-33,Industri,55-66 år,45507,Hele landet
2020,10-33,Industri,55-66 år,46052,Hele landet
2008,10-33,Industri,67-74 år,3381,Hele landet
2009,10-33,Industri,67-74 år,3435,Hele landet
2010,10-33,Industri,67-74 år,3400,Hele landet
2011,10-33,Industri,67-74 år,3828,Hele landet
2012,10-33,Industri,67-74 år,4087,Hele landet
2013,10-33,Industri,67-74 år,4381,Hele landet
2014,10-33,Industri,67-74 år,4585,Hele landet
2015,10-33,Industri,67-74 år,3710,Hele landet
2016,10-33,Industri,67-74 år,3770,Hele landet
2017,10-33,Industri,67-74 år,4029,Hele landet
2018,10-33,Industri,67-74 år,4311,Hele landet
2019,10-33,Industri,67-74 år,4535,Hele landet
2020,10-33,Industri,67-74 år,4486,Hele landet
2008,35-39,"Elektrisitet, vann og renovasjon",15-74 år,25858,Hele landet
2009,35-39,"Elektrisitet, vann og renovasjon",15-74 år,26626,Hele landet
2010,35-39,"Elektrisitet, vann og renovasjon",15-74 år,27884,Hele landet
2011,35-39,"Elektrisitet, vann og renovasjon",15-74 år,28759,Hele landet
2012,35-39,"Elektrisitet, vann og renovasjon",15-74 år,28884,Hele landet
2013,35-39,"Elektrisitet, vann og renovasjon",15-74 år,29710,Hele landet
2014,35-39,"Elektrisitet, vann og renovasjon",15-74 år,29917,Hele landet
2015,35-39,"Elektrisitet, vann og renovasjon",15-74 år,29563,Hele landet
2016,35-39,"Elektrisitet, vann og renovasjon",15-74 år,30365,Hele landet
2017,35-39,"Elektrisitet, vann og renovasjon",15-74 år,30474,Hele landet
2018,35-39,"Elektrisitet, vann og renovasjon",15-74 år,31294,Hele landet
2019,35-39,"Elektrisitet, vann og renovasjon",15-74 år,32121,Hele landet
2020,35-39,"Elektrisitet, vann og renovasjon",15-74 år,32756,Hele landet
2008,35-39,"Elektrisitet, vann og renovasjon",55-66 år,5976,Hele landet
2009,35-39,"Elektrisitet, vann og renovasjon",55-66 år,6178,Hele landet
2010,35-39,"Elektrisitet, vann og renovasjon",55-66 år,6374,Hele landet
2011,35-39,"Elektrisitet, vann og renovasjon",55-66 år,6557,Hele landet
2012,35-39,"Elektrisitet, vann og renovasjon",55-66 år,6698,Hele landet
2013,35-39,"Elektrisitet, vann og renovasjon",55-66 år,6943,Hele landet
2014,35-39,"Elektrisitet, vann og renovasjon",55-66 år,7092,Hele landet
2015,35-39,"Elektrisitet, vann og renovasjon",55-66 år,7115,Hele landet
2016,35-39,"Elektrisitet, vann og renovasjon",55-66 år,7404,Hele landet
2017,35-39,"Elektrisitet, vann og renovasjon",55-66 år,7518,Hele landet
2018,35-39,"Elektrisitet, vann og renovasjon",55-66 år,7771,Hele landet
2019,35-39,"Elektrisitet, vann og renovasjon",55-66 år,8100,Hele landet
2020,35-39,"Elektrisitet, vann og renovasjon",55-66 år,8401,Hele landet
2008,35-39,"Elektrisitet, vann og renovasjon",67-74 år,332,Hele landet
2009,35-39,"Elektrisitet, vann og renovasjon",67-74 år,416,Hele landet
2010,35-39,"Elektrisitet, vann og renovasjon",67-74 år,500,Hele landet
2011,35-39,"Elektrisitet, vann og renovasjon",67-74 år,563,Hele landet
2012,35-39,"Elektrisitet, vann og renovasjon",67-74 år,583,Hele landet
2013,35-39,"Elektrisitet, vann og renovasjon",67-74 år,649,Hele landet
2014,35-39,"Elektrisitet, vann og renovasjon",67-74 år,707,Hele landet
2015,35-39,"Elektrisitet, vann og renovasjon",67-74 år,521,Hele landet
2016,35-39,"Elektrisitet, vann og renovasjon",67-74 år,534,Hele landet
2017,35-39,"Elektrisitet, vann og renovasjon",67-74 år,561,Hele landet
2018,35-39,"Elektrisitet, vann og renovasjon",67-74 år,601,Hele landet
2019,35-39,"Elektrisitet, vann og renovasjon",67-74 år,642,Hele landet
2020,35-39,"Elektrisitet, vann og renovasjon",67-74 år,585,Hele landet
2008,41-43,Bygge- og anleggsvirksomhet,15-74 år,191147,Hele landet
2009,41-43,Bygge- og anleggsvirksomhet,15-74 år,186377,Hele landet
2010,41-43,Bygge- og anleggsvirksomhet,15-74 år,188530,Hele landet
2011,41-43,Bygge- og anleggsvirksomhet,15-74 år,196672,Hele landet
2012,41-43,Bygge- og anleggsvirksomhet,15-74 år,201869,Hele landet
2013,41-43,Bygge- og anleggsvirksomhet,15-74 år,208336,Hele landet
2014,41-43,Bygge- og anleggsvirksomhet,15-74 år,212565,Hele landet
2015,41-43,Bygge- og anleggsvirksomhet,15-74 år,207626,Hele landet
2016,41-43,Bygge- og anleggsvirksomhet,15-74 år,212962,Hele landet
2017,41-43,Bygge- og anleggsvirksomhet,15-74 år,220042,Hele landet
2018,41-43,Bygge- og anleggsvirksomhet,15-74 år,225954,Hele landet
2019,41-43,Bygge- og anleggsvirksomhet,15-74 år,230154,Hele landet
2020,41-43,Bygge- og anleggsvirksomhet,15-74 år,230249,Hele landet
2008,41-43,Bygge- og anleggsvirksomhet,55-66 år,27590,Hele landet
2009,41-43,Bygge- og anleggsvirksomhet,55-66 år,28049,Hele landet
2010,41-43,Bygge- og anleggsvirksomhet,55-66 år,28498,Hele landet
2011,41-43,Bygge- og anleggsvirksomhet,55-66 år,29457,Hele landet
2012,41-43,Bygge- og anleggsvirksomhet,55-66 år,30602,Hele landet
2013,41-43,Bygge- og anleggsvirksomhet,55-66 år,31834,Hele landet
2014,41-43,Bygge- og anleggsvirksomhet,55-66 år,33041,Hele landet
2015,41-43,Bygge- og anleggsvirksomhet,55-66 år,32508,Hele landet
2016,41-43,Bygge- og anleggsvirksomhet,55-66 år,33533,Hele landet
2017,41-43,Bygge- og anleggsvirksomhet,55-66 år,34795,Hele landet
2018,41-43,Bygge- og anleggsvirksomhet,55-66 år,36137,Hele landet
2019,41-43,Bygge- og anleggsvirksomhet,55-66 år,37631,Hele landet
2020,41-43,Bygge- og anleggsvirksomhet,55-66 år,38531,Hele landet
2008,41-43,Bygge- og anleggsvirksomhet,67-74 år,3370,Hele landet
2009,41-43,Bygge- og anleggsvirksomhet,67-74 år,3517,Hele landet
2010,41-43,Bygge- og anleggsvirksomhet,67-74 år,3629,Hele landet
2011,41-43,Bygge- og anleggsvirksomhet,67-74 år,3881,Hele landet
2012,41-43,Bygge- og anleggsvirksomhet,67-74 år,4342,Hele landet
2013,41-43,Bygge- og anleggsvirksomhet,67-74 år,5027,Hele landet
2014,41-43,Bygge- og anleggsvirksomhet,67-74 år,5528,Hele landet
2015,41-43,Bygge- og anleggsvirksomhet,67-74 år,4840,Hele landet
2016,41-43,Bygge- og anleggsvirksomhet,67-74 år,5207,Hele landet
2017,41-43,Bygge- og anleggsvirksomhet,67-74 år,5504,Hele landet
2018,41-43,Bygge- og anleggsvirksomhet,67-74 år,5853,Hele landet
2019,41-43,Bygge- og anleggsvirksomhet,67-74 år,6147,Hele landet
2020,41-43,Bygge- og anleggsvirksomhet,67-74 år,6234,Hele landet
2008,45-47,"Varehandel, reparasjon av motorvogner",15-74 år,375602,Hele landet
2009,45-47,"Varehandel, reparasjon av motorvogner",15-74 år,364893,Hele landet
2010,45-47,"Varehandel, reparasjon av motorvogner",15-74 år,364385,Hele landet
2011,45-47,"Varehandel, reparasjon av motorvogner",15-74 år,365297,Hele landet
2012,45-47,"Varehandel, reparasjon av motorvogner",15-74 år,363864,Hele landet
2013,45-47,"Varehandel, reparasjon av motorvogner",15-74 år,363143,Hele landet
2014,45-47,"Varehandel, reparasjon av motorvogner",15-74 år,364628,Hele landet
2015,45-47,"Varehandel, reparasjon av motorvogner",15-74 år,348665,Hele landet
2016,45-47,"Varehandel, reparasjon av motorvogner",15-74 år,349338,Hele landet
2017,45-47,"Varehandel, reparasjon av motorvogner",15-74 år,350283,Hele landet
2018,45-47,"Varehandel, reparasjon av motorvogner",15-74 år,350831,Hele landet
2019,45-47,"Varehandel, reparasjon av motorvogner",15-74 år,347635,Hele landet
2020,45-47,"Varehandel, reparasjon av motorvogner",15-74 år,343559,Hele landet
2008,45-47,"Varehandel, reparasjon av motorvogner",55-66 år,50083,Hele landet
2009,45-47,"Varehandel, reparasjon av motorvogner",55-66 år,49357,Hele landet
2010,45-47,"Varehandel, reparasjon av motorvogner",55-66 år,48767,Hele landet
2011,45-47,"Varehandel, reparasjon av motorvogner",55-66 år,48387,Hele landet
2012,45-47,"Varehandel, reparasjon av motorvogner",55-66 år,48512,Hele landet
2013,45-47,"Varehandel, reparasjon av motorvogner",55-66 år,48413,Hele landet
2014,45-47,"Varehandel, reparasjon av motorvogner",55-66 år,48577,Hele landet
2015,45-47,"Varehandel, reparasjon av motorvogner",55-66 år,46379,Hele landet
2016,45-47,"Varehandel, reparasjon av motorvogner",55-66 år,46624,Hele landet
2017,45-47,"Varehandel, reparasjon av motorvogner",55-66 år,47075,Hele landet
2018,45-47,"Varehandel, reparasjon av motorvogner",55-66 år,48346,Hele landet
2019,45-47,"Varehandel, reparasjon av motorvogner",55-66 år,49286,Hele landet
2020,45-47,"Varehandel, reparasjon av motorvogner",55-66 år,50120,Hele landet
2008,45-47,"Varehandel, reparasjon av motorvogner",67-74 år,5582,Hele landet
2009,45-47,"Varehandel, reparasjon av motorvogner",67-74 år,6007,Hele landet
2010,45-47,"Varehandel, reparasjon av motorvogner",67-74 år,6242,Hele landet
2011,45-47,"Varehandel, reparasjon av motorvogner",67-74 år,6797,Hele landet
2012,45-47,"Varehandel, reparasjon av motorvogner",67-74 år,7533,Hele landet
2013,45-47,"Varehandel, reparasjon av motorvogner",67-74 år,8118,Hele landet
2014,45-47,"Varehandel, reparasjon av motorvogner",67-74 år,8262,Hele landet
2015,45-47,"Varehandel, reparasjon av motorvogner",67-74 år,6778,Hele landet
2016,45-47,"Varehandel, reparasjon av motorvogner",67-74 år,6926,Hele landet
2017,45-47,"Varehandel, reparasjon av motorvogner",67-74 år,7017,Hele landet
2018,45-47,"Varehandel, reparasjon av motorvogner",67-74 år,7058,Hele landet
2019,45-47,"Varehandel, reparasjon av motorvogner",67-74 år,6957,Hele landet
2020,45-47,"Varehandel, reparasjon av motorvogner",67-74 år,6535,Hele landet
2008,49-53,Transport og lagring,15-74 år,145973,Hele landet
2009,49-53,Transport og lagring,15-74 år,141337,Hele landet
2010,49-53,Transport og lagring,15-74 år,141458,Hele landet
2011,49-53,Transport og lagring,15-74 år,141028,Hele landet
2012,49-53,Transport og lagring,15-74 år,142411,Hele landet
2013,49-53,Transport og lagring,15-74 år,142428,Hele landet
2014,49-53,Transport og lagring,15-74 år,142525,Hele landet
2015,49-53,Transport og lagring,15-74 år,138099,Hele landet
2016,49-53,Transport og lagring,15-74 år,136962,Hele landet
2017,49-53,Transport og lagring,15-74 år,135422,Hele landet
2018,49-53,Transport og lagring,15-74 år,136390,Hele landet
2019,49-53,Transport og lagring,15-74 år,135787,Hele landet
2020,49-53,Transport og lagring,15-74 år,128648,Hele landet
2008,49-53,Transport og lagring,55-66 år,28908,Hele landet
2009,49-53,Transport og lagring,55-66 år,28904,Hele landet
2010,49-53,Transport og lagring,55-66 år,29235,Hele landet
2011,49-53,Transport og lagring,55-66 år,29628,Hele landet
2012,49-53,Transport og lagring,55-66 år,30682,Hele landet
2013,49-53,Transport og lagring,55-66 år,31001,Hele landet
2014,49-53,Transport og lagring,55-66 år,31389,Hele landet
2015,49-53,Transport og lagring,55-66 år,30690,Hele landet
2016,49-53,Transport og lagring,55-66 år,31221,Hele landet
2017,49-53,Transport og lagring,55-66 år,31623,Hele landet
2018,49-53,Transport og lagring,55-66 år,32325,Hele landet
2019,49-53,Transport og lagring,55-66 år,32926,Hele landet
2020,49-53,Transport og lagring,55-66 år,32795,Hele landet
2008,49-53,Transport og lagring,67-74 år,2830,Hele landet
2009,49-53,Transport og lagring,67-74 år,3097,Hele landet
2010,49-53,Transport og lagring,67-74 år,3450,Hele landet
2011,49-53,Transport og lagring,67-74 år,3928,Hele landet
2012,49-53,Transport og lagring,67-74 år,4517,Hele landet
2013,49-53,Transport og lagring,67-74 år,5094,Hele landet
2014,49-53,Transport og lagring,67-74 år,5567,Hele landet
2015,49-53,Transport og lagring,67-74 år,5034,Hele landet
2016,49-53,Transport og lagring,67-74 år,5229,Hele landet
2017,49-53,Transport og lagring,67-74 år,5458,Hele landet
2018,49-53,Transport og lagring,67-74 år,5784,Hele landet
2019,49-53,Transport og lagring,67-74 år,6033,Hele landet
2020,49-53,Transport og lagring,67-74 år,5847,Hele landet
2008,55-56,Overnattings- og serveringsvirksomhet,15-74 år,81056,Hele landet
2009,55-56,Overnattings- og serveringsvirksomhet,15-74 år,78064,Hele landet
2010,55-56,Overnattings- og serveringsvirksomhet,15-74 år,79373,Hele landet
2011,55-56,Overnattings- og serveringsvirksomhet,15-74 år,82780,Hele landet
2012,55-56,Overnattings- og serveringsvirksomhet,15-74 år,83339,Hele landet
2013,55-56,Overnattings- og serveringsvirksomhet,15-74 år,85560,Hele landet
2014,55-56,Overnattings- og serveringsvirksomhet,15-74 år,89501,Hele landet
2015,55-56,Overnattings- og serveringsvirksomhet,15-74 år,85652,Hele landet
2016,55-56,Overnattings- og serveringsvirksomhet,15-74 år,89159,Hele landet
2017,55-56,Overnattings- og serveringsvirksomhet,15-74 år,92837,Hele landet
2018,55-56,Overnattings- og serveringsvirksomhet,15-74 år,94535,Hele landet
2019,55-56,Overnattings- og serveringsvirksomhet,15-74 år,96923,Hele landet
2020,55-56,Overnattings- og serveringsvirksomhet,15-74 år,80702,Hele landet
2008,55-56,Overnattings- og serveringsvirksomhet,55-66 år,6114,Hele landet
2009,55-56,Overnattings- og serveringsvirksomhet,55-66 år,6109,Hele landet
2010,55-56,Overnattings- og serveringsvirksomhet,55-66 år,6044,Hele landet
2011,55-56,Overnattings- og serveringsvirksomhet,55-66 år,6172,Hele landet
2012,55-56,Overnattings- og serveringsvirksomhet,55-66 år,6293,Hele landet
2013,55-56,Overnattings- og serveringsvirksomhet,55-66 år,6446,Hele landet
2014,55-56,Overnattings- og serveringsvirksomhet,55-66 år,6641,Hele landet
2015,55-56,Overnattings- og serveringsvirksomhet,55-66 år,6135,Hele landet
2016,55-56,Overnattings- og serveringsvirksomhet,55-66 år,6247,Hele landet
2017,55-56,Overnattings- og serveringsvirksomhet,55-66 år,6485,Hele landet
2018,55-56,Overnattings- og serveringsvirksomhet,55-66 år,6867,Hele landet
2019,55-56,Overnattings- og serveringsvirksomhet,55-66 år,7130,Hele landet
2020,55-56,Overnattings- og serveringsvirksomhet,55-66 år,6485,Hele landet
2008,55-56,Overnattings- og serveringsvirksomhet,67-74 år,885,Hele landet
2009,55-56,Overnattings- og serveringsvirksomhet,67-74 år,930,Hele landet
2010,55-56,Overnattings- og serveringsvirksomhet,67-74 år,958,Hele landet
2011,55-56,Overnattings- og serveringsvirksomhet,67-74 år,1015,Hele landet
2012,55-56,Overnattings- og serveringsvirksomhet,67-74 år,1088,Hele landet
2013,55-56,Overnattings- og serveringsvirksomhet,67-74 år,1150,Hele landet
2014,55-56,Overnattings- og serveringsvirksomhet,67-74 år,1217,Hele landet
2015,55-56,Overnattings- og serveringsvirksomhet,67-74 år,1062,Hele landet
2016,55-56,Overnattings- og serveringsvirksomhet,67-74 år,1117,Hele landet
2017,55-56,Overnattings- og serveringsvirksomhet,67-74 år,1115,Hele landet
2018,55-56,Overnattings- og serveringsvirksomhet,67-74 år,1101,Hele landet
2019,55-56,Overnattings- og serveringsvirksomhet,67-74 år,1140,Hele landet
2020,55-56,Overnattings- og serveringsvirksomhet,67-74 år,1041,Hele landet
2008,58-63,Informasjon og kommunikasjon,15-74 år,86913,Hele landet
2009,58-63,Informasjon og kommunikasjon,15-74 år,85327,Hele landet
2010,58-63,Informasjon og kommunikasjon,15-74 år,86514,Hele landet
2011,58-63,Informasjon og kommunikasjon,15-74 år,88249,Hele landet
2012,58-63,Informasjon og kommunikasjon,15-74 år,89862,Hele landet
2013,58-63,Informasjon og kommunikasjon,15-74 år,90748,Hele landet
2014,58-63,Informasjon og kommunikasjon,15-74 år,92268,Hele landet
2015,58-63,Informasjon og kommunikasjon,15-74 år,88398,Hele landet
2016,58-63,Informasjon og kommunikasjon,15-74 år,88381,Hele landet
2017,58-63,Informasjon og kommunikasjon,15-74 år,90231,Hele landet
2018,58-63,Informasjon og kommunikasjon,15-74 år,93830,Hele landet
2019,58-63,Informasjon og kommunikasjon,15-74 år,98871,Hele landet
2020,58-63,Informasjon og kommunikasjon,15-74 år,100975,Hele landet
2008,58-63,Informasjon og kommunikasjon,55-66 år,10510,Hele landet
2009,58-63,Informasjon og kommunikasjon,55-66 år,10741,Hele landet
2010,58-63,Informasjon og kommunikasjon,55-66 år,11144,Hele landet
2011,58-63,Informasjon og kommunikasjon,55-66 år,11218,Hele landet
2012,58-63,Informasjon og kommunikasjon,55-66 år,11640,Hele landet
2013,58-63,Informasjon og kommunikasjon,55-66 år,11893,Hele landet
2014,58-63,Informasjon og kommunikasjon,55-66 år,12371,Hele landet
2015,58-63,Informasjon og kommunikasjon,55-66 år,11646,Hele landet
2016,58-63,Informasjon og kommunikasjon,55-66 år,11847,Hele landet
2017,58-63,Informasjon og kommunikasjon,55-66 år,12198,Hele landet
2018,58-63,Informasjon og kommunikasjon,55-66 år,12662,Hele landet
2019,58-63,Informasjon og kommunikasjon,55-66 år,13376,Hele landet
2020,58-63,Informasjon og kommunikasjon,55-66 år,13768,Hele landet
2008,58-63,Informasjon og kommunikasjon,67-74 år,728,Hele landet
2009,58-63,Informasjon og kommunikasjon,67-74 år,791,Hele landet
2010,58-63,Informasjon og kommunikasjon,67-74 år,900,Hele landet
2011,58-63,Informasjon og kommunikasjon,67-74 år,964,Hele landet
2012,58-63,Informasjon og kommunikasjon,67-74 år,1128,Hele landet
2013,58-63,Informasjon og kommunikasjon,67-74 år,1266,Hele landet
2014,58-63,Informasjon og kommunikasjon,67-74 år,1230,Hele landet
2015,58-63,Informasjon og kommunikasjon,67-74 år,896,Hele landet
2016,58-63,Informasjon og kommunikasjon,67-74 år,947,Hele landet
2017,58-63,Informasjon og kommunikasjon,67-74 år,1083,Hele landet
2018,58-63,Informasjon og kommunikasjon,67-74 år,1209,Hele landet
2019,58-63,Informasjon og kommunikasjon,67-74 år,1360,Hele landet
2020,58-63,Informasjon og kommunikasjon,67-74 år,1421,Hele landet
2008,64-66,Finansiering og forsikring,15-74 år,50648,Hele landet
2009,64-66,Finansiering og forsikring,15-74 år,49863,Hele landet
2010,64-66,Finansiering og forsikring,15-74 år,49592,Hele landet
2011,64-66,Finansiering og forsikring,15-74 år,49563,Hele landet
2012,64-66,Finansiering og forsikring,15-74 år,48778,Hele landet
2013,64-66,Finansiering og forsikring,15-74 år,48310,Hele landet
2014,64-66,Finansiering og forsikring,15-74 år,47581,Hele landet
2015,64-66,Finansiering og forsikring,15-74 år,46828,Hele landet
2016,64-66,Finansiering og forsikring,15-74 år,45751,Hele landet
2017,64-66,Finansiering og forsikring,15-74 år,45173,Hele landet
2018,64-66,Finansiering og forsikring,15-74 år,45582,Hele landet
2019,64-66,Finansiering og forsikring,15-74 år,46466,Hele landet
2020,64-66,Finansiering og forsikring,15-74 år,47542,Hele landet
2008,64-66,Finansiering og forsikring,55-66 år,10449,Hele landet
2009,64-66,Finansiering og forsikring,55-66 år,10489,Hele landet
2010,64-66,Finansiering og forsikring,55-66 år,10451,Hele landet
2011,64-66,Finansiering og forsikring,55-66 år,10422,Hele landet
2012,64-66,Finansiering og forsikring,55-66 år,10520,Hele landet
2013,64-66,Finansiering og forsikring,55-66 år,10826,Hele landet
2014,64-66,Finansiering og forsikring,55-66 år,10674,Hele landet
2015,64-66,Finansiering og forsikring,55-66 år,10299,Hele landet
2016,64-66,Finansiering og forsikring,55-66 år,10270,Hele landet
2017,64-66,Finansiering og forsikring,55-66 år,10266,Hele landet
2018,64-66,Finansiering og forsikring,55-66 år,10621,Hele landet
2019,64-66,Finansiering og forsikring,55-66 år,11039,Hele landet
2020,64-66,Finansiering og forsikring,55-66 år,11460,Hele landet
2008,64-66,Finansiering og forsikring,67-74 år,402,Hele landet
2009,64-66,Finansiering og forsikring,67-74 år,452,Hele landet
2010,64-66,Finansiering og forsikring,67-74 år,480,Hele landet
2011,64-66,Finansiering og forsikring,67-74 år,471,Hele landet
2012,64-66,Finansiering og forsikring,67-74 år,460,Hele landet
2013,64-66,Finansiering og forsikring,67-74 år,493,Hele landet
2014,64-66,Finansiering og forsikring,67-74 år,511,Hele landet
2015,64-66,Finansiering og forsikring,67-74 år,303,Hele landet
2016,64-66,Finansiering og forsikring,67-74 år,345,Hele landet
2017,64-66,Finansiering og forsikring,67-74 år,389,Hele landet
2018,64-66,Finansiering og forsikring,67-74 år,415,Hele landet
2019,64-66,Finansiering og forsikring,67-74 år,436,Hele landet
2020,64-66,Finansiering og forsikring,67-74 år,430,Hele landet
2008,68-75,"Teknisk tjenesteyting, eiendomsdrift",15-74 år,148059,Hele landet
2009,68-75,"Teknisk tjenesteyting, eiendomsdrift",15-74 år,147268,Hele landet
2010,68-75,"Teknisk tjenesteyting, eiendomsdrift",15-74 år,148668,Hele landet
2011,68-75,"Teknisk tjenesteyting, eiendomsdrift",15-74 år,153879,Hele landet
2012,68-75,"Teknisk tjenesteyting, eiendomsdrift",15-74 år,159045,Hele landet
2013,68-75,"Teknisk tjenesteyting, eiendomsdrift",15-74 år,164148,Hele landet
2014,68-75,"Teknisk tjenesteyting, eiendomsdrift",15-74 år,165762,Hele landet
2015,68-75,"Teknisk tjenesteyting, eiendomsdrift",15-74 år,162007,Hele landet
2016,68-75,"Teknisk tjenesteyting, eiendomsdrift",15-74 år,162173,Hele landet
2017,68-75,"Teknisk tjenesteyting, eiendomsdrift",15-74 år,166248,Hele landet
2018,68-75,"Teknisk tjenesteyting, eiendomsdrift",15-74 år,171296,Hele landet
2019,68-75,"Teknisk tjenesteyting, eiendomsdrift",15-74 år,174695,Hele landet
2020,68-75,"Teknisk tjenesteyting, eiendomsdrift",15-74 år,173248,Hele landet
2008,68-75,"Teknisk tjenesteyting, eiendomsdrift",55-66 år,27689,Hele landet
2009,68-75,"Teknisk tjenesteyting, eiendomsdrift",55-66 år,28574,Hele landet
2010,68-75,"Teknisk tjenesteyting, eiendomsdrift",55-66 år,28909,Hele landet
2011,68-75,"Teknisk tjenesteyting, eiendomsdrift",55-66 år,29634,Hele landet
2012,68-75,"Teknisk tjenesteyting, eiendomsdrift",55-66 år,30800,Hele landet
2013,68-75,"Teknisk tjenesteyting, eiendomsdrift",55-66 år,31407,Hele landet
2014,68-75,"Teknisk tjenesteyting, eiendomsdrift",55-66 år,31676,Hele landet
2015,68-75,"Teknisk tjenesteyting, eiendomsdrift",55-66 år,30680,Hele landet
2016,68-75,"Teknisk tjenesteyting, eiendomsdrift",55-66 år,30720,Hele landet
2017,68-75,"Teknisk tjenesteyting, eiendomsdrift",55-66 år,31252,Hele landet
2018,68-75,"Teknisk tjenesteyting, eiendomsdrift",55-66 år,32230,Hele landet
2019,68-75,"Teknisk tjenesteyting, eiendomsdrift",55-66 år,33202,Hele landet
2020,68-75,"Teknisk tjenesteyting, eiendomsdrift",55-66 år,33718,Hele landet
2008,68-75,"Teknisk tjenesteyting, eiendomsdrift",67-74 år,5218,Hele landet
2009,68-75,"Teknisk tjenesteyting, eiendomsdrift",67-74 år,5623,Hele landet
2010,68-75,"Teknisk tjenesteyting, eiendomsdrift",67-74 år,6022,Hele landet
2011,68-75,"Teknisk tjenesteyting, eiendomsdrift",67-74 år,6592,Hele landet
2012,68-75,"Teknisk tjenesteyting, eiendomsdrift",67-74 år,7449,Hele landet
2013,68-75,"Teknisk tjenesteyting, eiendomsdrift",67-74 år,8499,Hele landet
2014,68-75,"Teknisk tjenesteyting, eiendomsdrift",67-74 år,9159,Hele landet
2015,68-75,"Teknisk tjenesteyting, eiendomsdrift",67-74 år,8025,Hele landet
2016,68-75,"Teknisk tjenesteyting, eiendomsdrift",67-74 år,8621,Hele landet
2017,68-75,"Teknisk tjenesteyting, eiendomsdrift",67-74 år,8902,Hele landet
2018,68-75,"Teknisk tjenesteyting, eiendomsdrift",67-74 år,9082,Hele landet
2019,68-75,"Teknisk tjenesteyting, eiendomsdrift",67-74 år,9300,Hele landet
2020,68-75,"Teknisk tjenesteyting, eiendomsdrift",67-74 år,9466,Hele landet
2008,77-82,Forretningsmessig tjenesteyting,15-74 år,130018,Hele landet
2009,77-82,Forretningsmessig tjenesteyting,15-74 år,119517,Hele landet
2010,77-82,Forretningsmessig tjenesteyting,15-74 år,120929,Hele landet
2011,77-82,Forretningsmessig tjenesteyting,15-74 år,128063,Hele landet
2012,77-82,Forretningsmessig tjenesteyting,15-74 år,133543,Hele landet
2013,77-82,Forretningsmessig tjenesteyting,15-74 år,132363,Hele landet
2014,77-82,Forretningsmessig tjenesteyting,15-74 år,133958,Hele landet
2015,77-82,Forretningsmessig tjenesteyting,15-74 år,120878,Hele landet
2016,77-82,Forretningsmessig tjenesteyting,15-74 år,125893,Hele landet
2017,77-82,Forretningsmessig tjenesteyting,15-74 år,131366,Hele landet
2018,77-82,Forretningsmessig tjenesteyting,15-74 år,135173,Hele landet
2019,77-82,Forretningsmessig tjenesteyting,15-74 år,133962,Hele landet
2020,77-82,Forretningsmessig tjenesteyting,15-74 år,126059,Hele landet
2008,77-82,Forretningsmessig tjenesteyting,55-66 år,15766,Hele landet
2009,77-82,Forretningsmessig tjenesteyting,55-66 år,15931,Hele landet
2010,77-82,Forretningsmessig tjenesteyting,55-66 år,15980,Hele landet
2011,77-82,Forretningsmessig tjenesteyting,55-66 år,16730,Hele landet
2012,77-82,Forretningsmessig tjenesteyting,55-66 år,17627,Hele landet
2013,77-82,Forretningsmessig tjenesteyting,55-66 år,17741,Hele landet
2014,77-82,Forretningsmessig tjenesteyting,55-66 år,18275,Hele landet
2015,77-82,Forretningsmessig tjenesteyting,55-66 år,17544,Hele landet
2016,77-82,Forretningsmessig tjenesteyting,55-66 år,18186,Hele landet
2017,77-82,Forretningsmessig tjenesteyting,55-66 år,19262,Hele landet
2018,77-82,Forretningsmessig tjenesteyting,55-66 år,20440,Hele landet
2019,77-82,Forretningsmessig tjenesteyting,55-66 år,20910,Hele landet
2020,77-82,Forretningsmessig tjenesteyting,55-66 år,20585,Hele landet
2008,77-82,Forretningsmessig tjenesteyting,67-74 år,1770,Hele landet
2009,77-82,Forretningsmessig tjenesteyting,67-74 år,1778,Hele landet
2010,77-82,Forretningsmessig tjenesteyting,67-74 år,1855,Hele landet
2011,77-82,Forretningsmessig tjenesteyting,67-74 år,2081,Hele landet
2012,77-82,Forretningsmessig tjenesteyting,67-74 år,2426,Hele landet
2013,77-82,Forretningsmessig tjenesteyting,67-74 år,2667,Hele landet
2014,77-82,Forretningsmessig tjenesteyting,67-74 år,2688,Hele landet
2015,77-82,Forretningsmessig tjenesteyting,67-74 år,2247,Hele landet
2016,77-82,Forretningsmessig tjenesteyting,67-74 år,2301,Hele landet
2017,77-82,Forretningsmessig tjenesteyting,67-74 år,2415,Hele landet
2018,77-82,Forretningsmessig tjenesteyting,67-74 år,2510,Hele landet
2019,77-82,Forretningsmessig tjenesteyting,67-74 år,2659,Hele landet
2020,77-82,Forretningsmessig tjenesteyting,67-74 år,2436,Hele landet
2008,84,"Off.adm., forsvar, sosialforsikring",15-74 år,141252,Hele landet
2009,84,"Off.adm., forsvar, sosialforsikring",15-74 år,148997,Hele landet
2010,84,"Off.adm., forsvar, sosialforsikring",15-74 år,150926,Hele landet
2011,84,"Off.adm., forsvar, sosialforsikring",15-74 år,153866,Hele landet
2012,84,"Off.adm., forsvar, sosialforsikring",15-74 år,158019,Hele landet
2013,84,"Off.adm., forsvar, sosialforsikring",15-74 år,161024,Hele landet
2014,84,"Off.adm., forsvar, sosialforsikring",15-74 år,163622,Hele landet
2015,84,"Off.adm., forsvar, sosialforsikring",15-74 år,162497,Hele landet
2016,84,"Off.adm., forsvar, sosialforsikring",15-74 år,164962,Hele landet
2017,84,"Off.adm., forsvar, sosialforsikring",15-74 år,167163,Hele landet
2018,84,"Off.adm., forsvar, sosialforsikring",15-74 år,167902,Hele landet
2019,84,"Off.adm., forsvar, sosialforsikring",15-74 år,168294,Hele landet
2020,84,"Off.adm., forsvar, sosialforsikring",15-74 år,171733,Hele landet
2008,84,"Off.adm., forsvar, sosialforsikring",55-66 år,32160,Hele landet
2009,84,"Off.adm., forsvar, sosialforsikring",55-66 år,33192,Hele landet
2010,84,"Off.adm., forsvar, sosialforsikring",55-66 år,34178,Hele landet
2011,84,"Off.adm., forsvar, sosialforsikring",55-66 år,35406,Hele landet
2012,84,"Off.adm., forsvar, sosialforsikring",55-66 år,35283,Hele landet
2013,84,"Off.adm., forsvar, sosialforsikring",55-66 år,36138,Hele landet
2014,84,"Off.adm., forsvar, sosialforsikring",55-66 år,36286,Hele landet
2015,84,"Off.adm., forsvar, sosialforsikring",55-66 år,36265,Hele landet
2016,84,"Off.adm., forsvar, sosialforsikring",55-66 år,36779,Hele landet
2017,84,"Off.adm., forsvar, sosialforsikring",55-66 år,37285,Hele landet
2018,84,"Off.adm., forsvar, sosialforsikring",55-66 år,37949,Hele landet
2019,84,"Off.adm., forsvar, sosialforsikring",55-66 år,38503,Hele landet
2020,84,"Off.adm., forsvar, sosialforsikring",55-66 år,39327,Hele landet
2008,84,"Off.adm., forsvar, sosialforsikring",67-74 år,1974,Hele landet
2009,84,"Off.adm., forsvar, sosialforsikring",67-74 år,2174,Hele landet
2010,84,"Off.adm., forsvar, sosialforsikring",67-74 år,2611,Hele landet
2011,84,"Off.adm., forsvar, sosialforsikring",67-74 år,3091,Hele landet
2012,84,"Off.adm., forsvar, sosialforsikring",67-74 år,2841,Hele landet
2013,84,"Off.adm., forsvar, sosialforsikring",67-74 år,3198,Hele landet
2014,84,"Off.adm., forsvar, sosialforsikring",67-74 år,3404,Hele landet
2015,84,"Off.adm., forsvar, sosialforsikring",67-74 år,3029,Hele landet
2016,84,"Off.adm., forsvar, sosialforsikring",67-74 år,3084,Hele landet
2017,84,"Off.adm., forsvar, sosialforsikring",67-74 år,3103,Hele landet
2018,84,"Off.adm., forsvar, sosialforsikring",67-74 år,3051,Hele landet
2019,84,"Off.adm., forsvar, sosialforsikring",67-74 år,3085,Hele landet
2020,84,"Off.adm., forsvar, sosialforsikring",67-74 år,2835,Hele landet
2008,85,Undervisning,15-74 år,194595,Hele landet
2009,85,Undervisning,15-74 år,196482,Hele landet
2010,85,Undervisning,15-74 år,200649,Hele landet
2011,85,Undervisning,15-74 år,203164,Hele landet
2012,85,Undervisning,15-74 år,203140,Hele landet
2013,85,Undervisning,15-74 år,205739,Hele landet
2014,85,Undervisning,15-74 år,208609,Hele landet
2015,85,Undervisning,15-74 år,209124,Hele landet
2016,85,Undervisning,15-74 år,213260,Hele landet
2017,85,Undervisning,15-74 år,217278,Hele landet
2018,85,Undervisning,15-74 år,220324,Hele landet
2019,85,Undervisning,15-74 år,223923,Hele landet
2020,85,Undervisning,15-74 år,225674,Hele landet
2008,85,Undervisning,55-66 år,49675,Hele landet
2009,85,Undervisning,55-66 år,50173,Hele landet
2010,85,Undervisning,55-66 år,50989,Hele landet
2011,85,Undervisning,55-66 år,51281,Hele landet
2012,85,Undervisning,55-66 år,50935,Hele landet
2013,85,Undervisning,55-66 år,50667,Hele landet
2014,85,Undervisning,55-66 år,50401,Hele landet
2015,85,Undervisning,55-66 år,49088,Hele landet
2016,85,Undervisning,55-66 år,48493,Hele landet
2017,85,Undervisning,55-66 år,47957,Hele landet
2018,85,Undervisning,55-66 år,47275,Hele landet
2019,85,Undervisning,55-66 år,47230,Hele landet
2020,85,Undervisning,55-66 år,46827,Hele landet
2008,85,Undervisning,67-74 år,4530,Hele landet
2009,85,Undervisning,67-74 år,4628,Hele landet
2010,85,Undervisning,67-74 år,5451,Hele landet
2011,85,Undervisning,67-74 år,5883,Hele landet
2012,85,Undervisning,67-74 år,5044,Hele landet
2013,85,Undervisning,67-74 år,5646,Hele landet
2014,85,Undervisning,67-74 år,6208,Hele landet
2015,85,Undervisning,67-74 år,4946,Hele landet
2016,85,Undervisning,67-74 år,5107,Hele landet
2017,85,Undervisning,67-74 år,5136,Hele landet
2018,85,Undervisning,67-74 år,5224,Hele landet
2019,85,Undervisning,67-74 år,5241,Hele landet
2020,85,Undervisning,67-74 år,4650,Hele landet
2008,86-88,Helse- og sosialtjenester,15-74 år,477707,Hele landet
2009,86-88,Helse- og sosialtjenester,15-74 år,490091,Hele landet
2010,86-88,Helse- og sosialtjenester,15-74 år,499678,Hele landet
2011,86-88,Helse- og sosialtjenester,15-74 år,510242,Hele landet
2012,86-88,Helse- og sosialtjenester,15-74 år,510780,Hele landet
2013,86-88,Helse- og sosialtjenester,15-74 år,517266,Hele landet
2014,86-88,Helse- og sosialtjenester,15-74 år,525388,Hele landet
2015,86-88,Helse- og sosialtjenester,15-74 år,532317,Hele landet
2016,86-88,Helse- og sosialtjenester,15-74 år,541367,Hele landet
2017,86-88,Helse- og sosialtjenester,15-74 år,546855,Hele landet
2018,86-88,Helse- og sosialtjenester,15-74 år,553158,Hele landet
2019,86-88,Helse- og sosialtjenester,15-74 år,558015,Hele landet
2020,86-88,Helse- og sosialtjenester,15-74 år,563028,Hele landet
2008,86-88,Helse- og sosialtjenester,55-66 år,87042,Hele landet
2009,86-88,Helse- og sosialtjenester,55-66 år,91252,Hele landet
2010,86-88,Helse- og sosialtjenester,55-66 år,95722,Hele landet
2011,86-88,Helse- og sosialtjenester,55-66 år,100233,Hele landet
2012,86-88,Helse- og sosialtjenester,55-66 år,102725,Hele landet
2013,86-88,Helse- og sosialtjenester,55-66 år,105057,Hele landet
2014,86-88,Helse- og sosialtjenester,55-66 år,107523,Hele landet
2015,86-88,Helse- og sosialtjenester,55-66 år,107698,Hele landet
2016,86-88,Helse- og sosialtjenester,55-66 år,109180,Hele landet
2017,86-88,Helse- og sosialtjenester,55-66 år,110241,Hele landet
2018,86-88,Helse- og sosialtjenester,55-66 år,110529,Hele landet
2019,86-88,Helse- og sosialtjenester,55-66 år,111392,Hele landet
2020,86-88,Helse- og sosialtjenester,55-66 år,111069,Hele landet
2008,86-88,Helse- og sosialtjenester,67-74 år,8097,Hele landet
2009,86-88,Helse- og sosialtjenester,67-74 år,8777,Hele landet
2010,86-88,Helse- og sosialtjenester,67-74 år,9547,Hele landet
2011,86-88,Helse- og sosialtjenester,67-74 år,10431,Hele landet
2012,86-88,Helse- og sosialtjenester,67-74 år,10357,Hele landet
2013,86-88,Helse- og sosialtjenester,67-74 år,11357,Hele landet
2014,86-88,Helse- og sosialtjenester,67-74 år,11907,Hele landet
2015,86-88,Helse- og sosialtjenester,67-74 år,12485,Hele landet
2016,86-88,Helse- og sosialtjenester,67-74 år,13189,Hele landet
2017,86-88,Helse- og sosialtjenester,67-74 år,13531,Hele landet
2018,86-88,Helse- og sosialtjenester,67-74 år,14118,Hele landet
2019,86-88,Helse- og sosialtjenester,67-74 år,14455,Hele landet
2020,86-88,Helse- og sosialtjenester,67-74 år,13846,Hele landet
2008,90-99,Personlig tjenesteyting,15-74 år,88280,Hele landet
2009,90-99,Personlig tjenesteyting,15-74 år,91216,Hele landet
2010,90-99,Personlig tjenesteyting,15-74 år,92327,Hele landet
2011,90-99,Personlig tjenesteyting,15-74 år,94135,Hele landet
2012,90-99,Personlig tjenesteyting,15-74 år,95013,Hele landet
2013,90-99,Personlig tjenesteyting,15-74 år,96777,Hele landet
2014,90-99,Personlig tjenesteyting,15-74 år,98656,Hele landet
2015,90-99,Personlig tjenesteyting,15-74 år,99732,Hele landet
2016,90-99,Personlig tjenesteyting,15-74 år,102724,Hele landet
2017,90-99,Personlig tjenesteyting,15-74 år,105805,Hele landet
2018,90-99,Personlig tjenesteyting,15-74 år,108869,Hele landet
2019,90-99,Personlig tjenesteyting,15-74 år,110700,Hele landet
2020,90-99,Personlig tjenesteyting,15-74 år,108313,Hele landet
2008,90-99,Personlig tjenesteyting,55-66 år,16045,Hele landet
2009,90-99,Personlig tjenesteyting,55-66 år,16700,Hele landet
2010,90-99,Personlig tjenesteyting,55-66 år,16705,Hele landet
2011,90-99,Personlig tjenesteyting,55-66 år,16974,Hele landet
2012,90-99,Personlig tjenesteyting,55-66 år,17549,Hele landet
2013,90-99,Personlig tjenesteyting,55-66 år,17659,Hele landet
2014,90-99,Personlig tjenesteyting,55-66 år,17821,Hele landet
2015,90-99,Personlig tjenesteyting,55-66 år,17322,Hele landet
2016,90-99,Personlig tjenesteyting,55-66 år,17686,Hele landet
2017,90-99,Personlig tjenesteyting,55-66 år,18048,Hele landet
2018,90-99,Personlig tjenesteyting,55-66 år,18722,Hele landet
2019,90-99,Personlig tjenesteyting,55-66 år,19246,Hele landet
2020,90-99,Personlig tjenesteyting,55-66 år,19509,Hele landet
2008,90-99,Personlig tjenesteyting,67-74 år,2758,Hele landet
2009,90-99,Personlig tjenesteyting,67-74 år,3028,Hele landet
2010,90-99,Personlig tjenesteyting,67-74 år,3229,Hele landet
2011,90-99,Personlig tjenesteyting,67-74 år,3703,Hele landet
2012,90-99,Personlig tjenesteyting,67-74 år,3805,Hele landet
2013,90-99,Personlig tjenesteyting,67-74 år,4259,Hele landet
2014,90-99,Personlig tjenesteyting,67-74 år,4508,Hele landet
2015,90-99,Personlig tjenesteyting,67-74 år,3968,Hele landet
2016,90-99,Personlig tjenesteyting,67-74 år,4116,Hele landet
2017,90-99,Personlig tjenesteyting,67-74 år,4499,Hele landet
2018,90-99,Personlig tjenesteyting,67-74 år,4727,Hele landet
2019,90-99,Personlig tjenesteyting,67-74 år,5013,Hele landet
2020,90-99,Personlig tjenesteyting,67-74 år,4820,Hele landet
2008,00,Uoppgitt,15-74 år,11861,Hele landet
2009,00,Uoppgitt,15-74 år,11609,Hele landet
2010,00,Uoppgitt,15-74 år,14399,Hele landet
2011,00,Uoppgitt,15-74 år,13079,Hele landet
2012,00,Uoppgitt,15-74 år,13807,Hele landet
2013,00,Uoppgitt,15-74 år,13410,Hele landet
2014,00,Uoppgitt,15-74 år,13042,Hele landet
2015,00,Uoppgitt,15-74 år,26640,Hele landet
2016,00,Uoppgitt,15-74 år,25140,Hele landet
2017,00,Uoppgitt,15-74 år,23495,Hele landet
2018,00,Uoppgitt,15-74 år,21848,Hele landet
2019,00,Uoppgitt,15-74 år,20254,Hele landet
2020,00,Uoppgitt,15-74 år,19741,Hele landet
2008,00,Uoppgitt,55-66 år,3512,Hele landet
2009,00,Uoppgitt,55-66 år,3652,Hele landet
2010,00,Uoppgitt,55-66 år,4394,Hele landet
2011,00,Uoppgitt,55-66 år,4010,Hele landet
2012,00,Uoppgitt,55-66 år,4172,Hele landet
2013,00,Uoppgitt,55-66 år,3927,Hele landet
2014,00,Uoppgitt,55-66 år,3682,Hele landet
2015,00,Uoppgitt,55-66 år,7506,Hele landet
2016,00,Uoppgitt,55-66 år,6976,Hele landet
2017,00,Uoppgitt,55-66 år,6538,Hele landet
2018,00,Uoppgitt,55-66 år,5944,Hele landet
2019,00,Uoppgitt,55-66 år,5583,Hele landet
2020,00,Uoppgitt,55-66 år,5406,Hele landet
2008,00,Uoppgitt,67-74 år,1528,Hele landet
2009,00,Uoppgitt,67-74 år,1756,Hele landet
2010,00,Uoppgitt,67-74 år,1918,Hele landet
2011,00,Uoppgitt,67-74 år,1618,Hele landet
2012,00,Uoppgitt,67-74 år,2732,Hele landet
2013,00,Uoppgitt,67-74 år,2885,Hele landet
2014,00,Uoppgitt,67-74 år,2923,Hele landet
2015,00,Uoppgitt,67-74 år,7164,Hele landet
2016,00,Uoppgitt,67-74 år,6994,Hele landet
2017,00,Uoppgitt,67-74 år,6657,Hele landet
2018,00,Uoppgitt,67-74 år,6340,Hele landet
2019,00,Uoppgitt,67-74 år,5738,Hele landet
2020,00,Uoppgitt,67-74 år,5687,Hele landet
