"","Naering","kjønn","alder","statistikkvariabel","Aar","Etne","Sveio","Boemlo","Stord","Fitjar","Tysnes","Kvinnherad","Odda","Ullensvang","tot_s"
"1","Alle næringer","Begge kjønn","15-74 år","Sysselsatte personer etter bosted","2008",2150,2595,5700,9284,1533,1414,6769,3577,1837,34859
"2","Alle næringer","Begge kjønn","15-74 år","Sysselsatte personer etter bosted","2009",2115,2586,5737,9156,1518,1394,6679,3528,1813,34526
"3","Alle næringer","Begge kjønn","15-74 år","Sysselsatte personer etter bosted","2010",2060,2603,5760,8995,1529,1362,6599,3479,1827,34214
"4","Alle næringer","Begge kjønn","15-74 år","Sysselsatte personer etter bosted","2011",2154,2663,5796,9214,1544,1360,6601,3449,1799,34580
"5","Alle næringer","Begge kjønn","15-74 år","Sysselsatte personer etter bosted","2012",2172,2760,5886,9294,1562,1334,6519,3501,1745,34773
"6","Alle næringer","Begge kjønn","15-74 år","Sysselsatte personer etter bosted","2013",2156,2794,5907,9594,1600,1337,6485,3458,1734,35065
"7","Alle næringer","Begge kjønn","15-74 år","Sysselsatte personer etter bosted","2014",2197,2768,5934,9686,1625,1347,6494,3450,1766,35267
"8","Alle næringer","Begge kjønn","15-74 år","Sysselsatte personer etter bosted","2015",2088,2737,5731,9312,1575,1343,6300,3351,1707,34144
"9","Alle næringer","Begge kjønn","15-74 år","Sysselsatte personer etter bosted","2016",2070,2761,5570,9136,1596,1352,6190,3341,1665,33681
"10","Alle næringer","Begge kjønn","15-74 år","Sysselsatte personer etter bosted","2017",2046,2806,5719,9306,1574,1346,6282,3371,1687,34137
"11","Alle næringer","Begge kjønn","15-74 år","Sysselsatte personer etter bosted","2018",2051,2785,5839,9367,1571,1370,6337,3358,1683,34361
"12","Alle næringer","Begge kjønn","15-74 år","Sysselsatte personer etter bosted","2019",2086,2800,5929,9461,1592,1369,6417,3350,1691,34695
"13","Alle næringer","Begge kjønn","15-74 år","Sysselsatte personer etter bosted","2020",0,0,0,0,0,0,0,0,0,0
"14","Alle næringer","Begge kjønn","55-66 år","Sysselsatte personer etter bosted","2008",385,506,1054,1586,302,335,1298,695,415,6576
"15","Alle næringer","Begge kjønn","55-66 år","Sysselsatte personer etter bosted","2009",391,537,1087,1582,306,334,1331,714,415,6697
"16","Alle næringer","Begge kjønn","55-66 år","Sysselsatte personer etter bosted","2010",408,553,1119,1585,319,328,1332,692,400,6736
"17","Alle næringer","Begge kjønn","55-66 år","Sysselsatte personer etter bosted","2011",427,556,1122,1653,319,333,1352,719,386,6867
"18","Alle næringer","Begge kjønn","55-66 år","Sysselsatte personer etter bosted","2012",439,593,1148,1709,356,331,1376,764,384,7100
"19","Alle næringer","Begge kjønn","55-66 år","Sysselsatte personer etter bosted","2013",439,581,1151,1725,359,317,1389,767,374,7102
"20","Alle næringer","Begge kjønn","55-66 år","Sysselsatte personer etter bosted","2014",439,573,1161,1746,376,325,1399,783,382,7184
"21","Alle næringer","Begge kjønn","55-66 år","Sysselsatte personer etter bosted","2015",435,556,1127,1708,366,298,1364,797,397,7048
"22","Alle næringer","Begge kjønn","55-66 år","Sysselsatte personer etter bosted","2016",438,570,1071,1660,352,294,1316,796,379,6876
"23","Alle næringer","Begge kjønn","55-66 år","Sysselsatte personer etter bosted","2017",428,550,1107,1724,349,305,1344,797,390,6994
"24","Alle næringer","Begge kjønn","55-66 år","Sysselsatte personer etter bosted","2018",416,531,1084,1749,352,292,1328,798,393,6943
"25","Alle næringer","Begge kjønn","55-66 år","Sysselsatte personer etter bosted","2019",434,512,1109,1802,354,298,1356,783,400,7048
"26","Alle næringer","Begge kjønn","55-66 år","Sysselsatte personer etter bosted","2020",0,0,0,0,0,0,0,0,0,0
"27","Alle næringer","Begge kjønn","67-74 år","Sysselsatte personer etter bosted","2008",70,56,101,136,26,37,154,68,71,719
"28","Alle næringer","Begge kjønn","67-74 år","Sysselsatte personer etter bosted","2009",81,51,110,157,30,38,171,96,81,815
"29","Alle næringer","Begge kjønn","67-74 år","Sysselsatte personer etter bosted","2010",79,55,116,156,30,41,152,96,73,798
"30","Alle næringer","Begge kjønn","67-74 år","Sysselsatte personer etter bosted","2011",71,59,124,179,35,46,175,93,76,858
"31","Alle næringer","Begge kjønn","67-74 år","Sysselsatte personer etter bosted","2012",86,61,128,179,31,50,190,96,76,897
"32","Alle næringer","Begge kjønn","67-74 år","Sysselsatte personer etter bosted","2013",73,86,145,199,38,53,202,100,99,995
"33","Alle næringer","Begge kjønn","67-74 år","Sysselsatte personer etter bosted","2014",97,75,137,202,51,50,205,105,100,1022
"34","Alle næringer","Begge kjønn","67-74 år","Sysselsatte personer etter bosted","2015",79,77,150,180,53,47,220,81,95,982
"35","Alle næringer","Begge kjønn","67-74 år","Sysselsatte personer etter bosted","2016",68,97,144,202,51,61,232,94,101,1050
"36","Alle næringer","Begge kjønn","67-74 år","Sysselsatte personer etter bosted","2017",78,94,151,205,58,64,250,99,101,1100
"37","Alle næringer","Begge kjønn","67-74 år","Sysselsatte personer etter bosted","2018",67,86,166,210,41,84,244,94,100,1092
"38","Alle næringer","Begge kjønn","67-74 år","Sysselsatte personer etter bosted","2019",90,104,169,222,60,75,240,115,102,1177
"39","Alle næringer","Begge kjønn","67-74 år","Sysselsatte personer etter bosted","2020",0,0,0,0,0,0,0,0,0,0
"40","Jordbruk, skogbruk og fiske","Begge kjønn","15-74 år","Sysselsatte personer etter bosted","2008",223,172,320,95,56,133,401,45,210,1655
"41","Jordbruk, skogbruk og fiske","Begge kjønn","15-74 år","Sysselsatte personer etter bosted","2009",198,191,316,91,70,125,379,44,208,1622
"42","Jordbruk, skogbruk og fiske","Begge kjønn","15-74 år","Sysselsatte personer etter bosted","2010",203,164,320,77,74,126,363,50,184,1561
"43","Jordbruk, skogbruk og fiske","Begge kjønn","15-74 år","Sysselsatte personer etter bosted","2011",214,157,309,90,76,129,372,46,166,1559
"44","Jordbruk, skogbruk og fiske","Begge kjønn","15-74 år","Sysselsatte personer etter bosted","2012",183,177,321,82,74,116,345,46,139,1483
"45","Jordbruk, skogbruk og fiske","Begge kjønn","15-74 år","Sysselsatte personer etter bosted","2013",161,169,312,77,71,119,338,43,132,1422
"46","Jordbruk, skogbruk og fiske","Begge kjønn","15-74 år","Sysselsatte personer etter bosted","2014",165,137,316,85,74,122,331,50,129,1409
"47","Jordbruk, skogbruk og fiske","Begge kjønn","15-74 år","Sysselsatte personer etter bosted","2015",159,184,332,79,82,135,338,41,134,1484
"48","Jordbruk, skogbruk og fiske","Begge kjønn","15-74 år","Sysselsatte personer etter bosted","2016",165,176,346,96,89,144,356,37,124,1533
"49","Jordbruk, skogbruk og fiske","Begge kjønn","15-74 år","Sysselsatte personer etter bosted","2017",166,170,364,119,100,156,371,45,129,1620
"50","Jordbruk, skogbruk og fiske","Begge kjønn","15-74 år","Sysselsatte personer etter bosted","2018",170,159,371,121,104,173,365,47,117,1627
"51","Jordbruk, skogbruk og fiske","Begge kjønn","15-74 år","Sysselsatte personer etter bosted","2019",180,168,365,124,112,166,366,36,134,1651
"52","Jordbruk, skogbruk og fiske","Begge kjønn","15-74 år","Sysselsatte personer etter bosted","2020",0,0,0,0,0,0,0,0,0,0
"53","Jordbruk, skogbruk og fiske","Begge kjønn","55-66 år","Sysselsatte personer etter bosted","2008",46,57,84,18,17,32,115,9,80,458
"54","Jordbruk, skogbruk og fiske","Begge kjønn","55-66 år","Sysselsatte personer etter bosted","2009",47,58,82,20,15,32,107,13,72,446
"55","Jordbruk, skogbruk og fiske","Begge kjønn","55-66 år","Sysselsatte personer etter bosted","2010",54,48,78,19,16,28,96,11,69,419
"56","Jordbruk, skogbruk og fiske","Begge kjønn","55-66 år","Sysselsatte personer etter bosted","2011",46,41,73,19,9,30,95,8,66,387
"57","Jordbruk, skogbruk og fiske","Begge kjønn","55-66 år","Sysselsatte personer etter bosted","2012",40,45,67,18,14,31,91,10,55,371
"58","Jordbruk, skogbruk og fiske","Begge kjønn","55-66 år","Sysselsatte personer etter bosted","2013",35,38,62,14,15,30,84,10,45,333
"59","Jordbruk, skogbruk og fiske","Begge kjønn","55-66 år","Sysselsatte personer etter bosted","2014",35,33,65,12,13,38,78,14,43,331
"60","Jordbruk, skogbruk og fiske","Begge kjønn","55-66 år","Sysselsatte personer etter bosted","2015",39,39,65,17,13,39,90,13,47,362
"61","Jordbruk, skogbruk og fiske","Begge kjønn","55-66 år","Sysselsatte personer etter bosted","2016",39,35,70,17,14,38,89,14,39,355
"62","Jordbruk, skogbruk og fiske","Begge kjønn","55-66 år","Sysselsatte personer etter bosted","2017",36,34,64,15,18,37,100,13,39,356
"63","Jordbruk, skogbruk og fiske","Begge kjønn","55-66 år","Sysselsatte personer etter bosted","2018",40,33,64,18,20,42,81,14,31,343
"64","Jordbruk, skogbruk og fiske","Begge kjønn","55-66 år","Sysselsatte personer etter bosted","2019",40,27,59,18,17,40,93,14,39,347
"65","Jordbruk, skogbruk og fiske","Begge kjønn","55-66 år","Sysselsatte personer etter bosted","2020",0,0,0,0,0,0,0,0,0,0
"66","Jordbruk, skogbruk og fiske","Begge kjønn","67-74 år","Sysselsatte personer etter bosted","2008",23,15,24,13,3,12,33,7,27,157
"67","Jordbruk, skogbruk og fiske","Begge kjønn","67-74 år","Sysselsatte personer etter bosted","2009",22,19,26,12,4,12,35,5,29,164
"68","Jordbruk, skogbruk og fiske","Begge kjønn","67-74 år","Sysselsatte personer etter bosted","2010",18,17,29,8,3,10,31,10,26,152
"69","Jordbruk, skogbruk og fiske","Begge kjønn","67-74 år","Sysselsatte personer etter bosted","2011",24,18,23,6,6,12,27,7,27,150
"70","Jordbruk, skogbruk og fiske","Begge kjønn","67-74 år","Sysselsatte personer etter bosted","2012",30,22,32,13,5,12,45,6,31,196
"71","Jordbruk, skogbruk og fiske","Begge kjønn","67-74 år","Sysselsatte personer etter bosted","2013",29,23,35,14,6,13,46,11,36,213
"72","Jordbruk, skogbruk og fiske","Begge kjønn","67-74 år","Sysselsatte personer etter bosted","2014",34,20,30,15,10,12,44,13,35,213
"73","Jordbruk, skogbruk og fiske","Begge kjønn","67-74 år","Sysselsatte personer etter bosted","2015",21,19,27,10,10,10,43,7,32,179
"74","Jordbruk, skogbruk og fiske","Begge kjønn","67-74 år","Sysselsatte personer etter bosted","2016",21,27,34,11,8,8,44,5,34,192
"75","Jordbruk, skogbruk og fiske","Begge kjønn","67-74 år","Sysselsatte personer etter bosted","2017",22,27,34,13,9,14,49,9,33,210
"76","Jordbruk, skogbruk og fiske","Begge kjønn","67-74 år","Sysselsatte personer etter bosted","2018",14,25,33,11,8,17,43,7,22,180
"77","Jordbruk, skogbruk og fiske","Begge kjønn","67-74 år","Sysselsatte personer etter bosted","2019",16,28,39,10,11,21,36,7,29,197
"78","Jordbruk, skogbruk og fiske","Begge kjønn","67-74 år","Sysselsatte personer etter bosted","2020",0,0,0,0,0,0,0,0,0,0
"79","Bergverksdrift og utvinning","Begge kjønn","15-74 år","Sysselsatte personer etter bosted","2008",70,106,237,132,24,89,152,51,44,905
"80","Bergverksdrift og utvinning","Begge kjønn","15-74 år","Sysselsatte personer etter bosted","2009",68,106,253,143,31,89,157,55,43,945
"81","Bergverksdrift og utvinning","Begge kjønn","15-74 år","Sysselsatte personer etter bosted","2010",71,117,267,262,37,93,205,70,51,1173
"82","Bergverksdrift og utvinning","Begge kjønn","15-74 år","Sysselsatte personer etter bosted","2011",72,125,270,213,37,88,213,73,55,1146
"83","Bergverksdrift og utvinning","Begge kjønn","15-74 år","Sysselsatte personer etter bosted","2012",90,143,298,214,43,89,231,76,58,1242
"84","Bergverksdrift og utvinning","Begge kjønn","15-74 år","Sysselsatte personer etter bosted","2013",95,146,334,229,55,88,239,79,60,1325
"85","Bergverksdrift og utvinning","Begge kjønn","15-74 år","Sysselsatte personer etter bosted","2014",99,153,331,235,57,90,238,91,60,1354
"86","Bergverksdrift og utvinning","Begge kjønn","15-74 år","Sysselsatte personer etter bosted","2015",86,150,293,212,53,81,219,84,57,1235
"87","Bergverksdrift og utvinning","Begge kjønn","15-74 år","Sysselsatte personer etter bosted","2016",80,135,263,196,48,71,195,84,48,1120
"88","Bergverksdrift og utvinning","Begge kjønn","15-74 år","Sysselsatte personer etter bosted","2017",78,141,265,196,47,74,199,71,44,1115
"89","Bergverksdrift og utvinning","Begge kjønn","15-74 år","Sysselsatte personer etter bosted","2018",83,164,282,202,50,77,206,77,48,1189
"90","Bergverksdrift og utvinning","Begge kjønn","15-74 år","Sysselsatte personer etter bosted","2019",87,160,306,223,57,83,228,90,54,1288
"91","Bergverksdrift og utvinning","Begge kjønn","15-74 år","Sysselsatte personer etter bosted","2020",0,0,0,0,0,0,0,0,0,0
"92","Bergverksdrift og utvinning","Begge kjønn","55-66 år","Sysselsatte personer etter bosted","2008",8,9,35,22,0,10,22,5,5,116
"93","Bergverksdrift og utvinning","Begge kjønn","55-66 år","Sysselsatte personer etter bosted","2009",8,13,37,20,3,11,26,4,6,128
"94","Bergverksdrift og utvinning","Begge kjønn","55-66 år","Sysselsatte personer etter bosted","2010",12,14,39,35,4,12,29,5,7,157
"95","Bergverksdrift og utvinning","Begge kjønn","55-66 år","Sysselsatte personer etter bosted","2011",12,14,39,34,4,10,34,9,9,165
"96","Bergverksdrift og utvinning","Begge kjønn","55-66 år","Sysselsatte personer etter bosted","2012",15,18,44,34,7,14,37,13,8,190
"97","Bergverksdrift og utvinning","Begge kjønn","55-66 år","Sysselsatte personer etter bosted","2013",21,26,49,42,12,14,43,10,8,225
"98","Bergverksdrift og utvinning","Begge kjønn","55-66 år","Sysselsatte personer etter bosted","2014",22,27,51,42,13,12,42,12,9,230
"99","Bergverksdrift og utvinning","Begge kjønn","55-66 år","Sysselsatte personer etter bosted","2015",18,31,41,37,9,10,44,10,10,210
"100","Bergverksdrift og utvinning","Begge kjønn","55-66 år","Sysselsatte personer etter bosted","2016",16,30,40,39,9,11,42,11,8,206
"101","Bergverksdrift og utvinning","Begge kjønn","55-66 år","Sysselsatte personer etter bosted","2017",20,28,43,38,13,13,37,12,8,212
"102","Bergverksdrift og utvinning","Begge kjønn","55-66 år","Sysselsatte personer etter bosted","2018",19,33,40,42,12,14,46,12,9,227
"103","Bergverksdrift og utvinning","Begge kjønn","55-66 år","Sysselsatte personer etter bosted","2019",18,35,45,48,13,15,50,11,10,245
"104","Bergverksdrift og utvinning","Begge kjønn","55-66 år","Sysselsatte personer etter bosted","2020",0,0,0,0,0,0,0,0,0,0
"105","Bergverksdrift og utvinning","Begge kjønn","67-74 år","Sysselsatte personer etter bosted","2008",3,0,0,0,0,0,0,0,0,3
"106","Bergverksdrift og utvinning","Begge kjønn","67-74 år","Sysselsatte personer etter bosted","2009",0,0,0,0,0,0,0,0,0,0
"107","Bergverksdrift og utvinning","Begge kjønn","67-74 år","Sysselsatte personer etter bosted","2010",0,0,0,3,0,0,0,0,0,3
"108","Bergverksdrift og utvinning","Begge kjønn","67-74 år","Sysselsatte personer etter bosted","2011",0,0,3,3,0,0,0,0,0,6
"109","Bergverksdrift og utvinning","Begge kjønn","67-74 år","Sysselsatte personer etter bosted","2012",0,0,3,0,0,0,0,0,0,3
"110","Bergverksdrift og utvinning","Begge kjønn","67-74 år","Sysselsatte personer etter bosted","2013",0,0,0,0,0,0,0,0,0,0
"111","Bergverksdrift og utvinning","Begge kjønn","67-74 år","Sysselsatte personer etter bosted","2014",3,0,0,3,0,0,0,0,0,6
"112","Bergverksdrift og utvinning","Begge kjønn","67-74 år","Sysselsatte personer etter bosted","2015",3,0,3,0,0,0,0,0,0,6
"113","Bergverksdrift og utvinning","Begge kjønn","67-74 år","Sysselsatte personer etter bosted","2016",0,3,3,0,0,0,0,5,3,14
"114","Bergverksdrift og utvinning","Begge kjønn","67-74 år","Sysselsatte personer etter bosted","2017",0,0,0,0,0,0,4,0,0,4
"115","Bergverksdrift og utvinning","Begge kjønn","67-74 år","Sysselsatte personer etter bosted","2018",0,0,3,0,0,0,3,0,0,6
"116","Bergverksdrift og utvinning","Begge kjønn","67-74 år","Sysselsatte personer etter bosted","2019",3,0,0,0,0,0,0,0,0,3
"117","Bergverksdrift og utvinning","Begge kjønn","67-74 år","Sysselsatte personer etter bosted","2020",0,0,0,0,0,0,0,0,0,0
"118","Industri","Begge kjønn","15-74 år","Sysselsatte personer etter bosted","2008",285,312,1439,2247,287,165,1425,839,206,7205
"119","Industri","Begge kjønn","15-74 år","Sysselsatte personer etter bosted","2009",292,295,1414,2143,287,165,1330,801,204,6931
"120","Industri","Begge kjønn","15-74 år","Sysselsatte personer etter bosted","2010",263,286,1337,1938,264,145,1149,771,184,6337
"121","Industri","Begge kjønn","15-74 år","Sysselsatte personer etter bosted","2011",271,297,1308,1995,263,154,1102,774,185,6349
"122","Industri","Begge kjønn","15-74 år","Sysselsatte personer etter bosted","2012",286,316,1347,2092,266,150,1203,810,178,6648
"123","Industri","Begge kjønn","15-74 år","Sysselsatte personer etter bosted","2013",289,324,1338,2247,276,136,1124,785,178,6697
"124","Industri","Begge kjønn","15-74 år","Sysselsatte personer etter bosted","2014",284,323,1329,2304,283,154,1079,758,181,6695
"125","Industri","Begge kjønn","15-74 år","Sysselsatte personer etter bosted","2015",263,300,1256,2131,288,139,905,723,174,6179
"126","Industri","Begge kjønn","15-74 år","Sysselsatte personer etter bosted","2016",273,279,1152,1857,266,142,855,655,159,5638
"127","Industri","Begge kjønn","15-74 år","Sysselsatte personer etter bosted","2017",257,282,1155,1866,277,131,854,678,163,5663
"128","Industri","Begge kjønn","15-74 år","Sysselsatte personer etter bosted","2018",264,262,1185,1889,289,136,1029,708,171,5933
"129","Industri","Begge kjønn","15-74 år","Sysselsatte personer etter bosted","2019",268,270,1244,1902,270,132,1040,743,151,6020
"130","Industri","Begge kjønn","15-74 år","Sysselsatte personer etter bosted","2020",0,0,0,0,0,0,0,0,0,0
"131","Industri","Begge kjønn","55-66 år","Sysselsatte personer etter bosted","2008",48,49,219,357,49,24,234,148,39,1167
"132","Industri","Begge kjønn","55-66 år","Sysselsatte personer etter bosted","2009",54,53,220,359,48,25,231,141,37,1168
"133","Industri","Begge kjønn","55-66 år","Sysselsatte personer etter bosted","2010",45,58,212,340,52,19,216,140,29,1111
"134","Industri","Begge kjønn","55-66 år","Sysselsatte personer etter bosted","2011",55,60,215,351,49,19,204,153,28,1134
"135","Industri","Begge kjønn","55-66 år","Sysselsatte personer etter bosted","2012",57,60,233,382,60,22,231,180,36,1261
"136","Industri","Begge kjønn","55-66 år","Sysselsatte personer etter bosted","2013",53,57,235,407,59,22,233,177,35,1278
"137","Industri","Begge kjønn","55-66 år","Sysselsatte personer etter bosted","2014",57,56,240,437,69,24,233,175,38,1329
"138","Industri","Begge kjønn","55-66 år","Sysselsatte personer etter bosted","2015",59,45,237,413,70,20,192,180,39,1255
"139","Industri","Begge kjønn","55-66 år","Sysselsatte personer etter bosted","2016",61,42,212,389,65,25,200,166,41,1201
"140","Industri","Begge kjønn","55-66 år","Sysselsatte personer etter bosted","2017",59,36,221,417,67,26,203,178,44,1251
"141","Industri","Begge kjønn","55-66 år","Sysselsatte personer etter bosted","2018",65,40,217,446,70,27,228,187,49,1329
"142","Industri","Begge kjønn","55-66 år","Sysselsatte personer etter bosted","2019",63,45,228,480,74,28,236,190,48,1392
"143","Industri","Begge kjønn","55-66 år","Sysselsatte personer etter bosted","2020",0,0,0,0,0,0,0,0,0,0
"144","Industri","Begge kjønn","67-74 år","Sysselsatte personer etter bosted","2008",3,4,11,11,4,3,14,3,0,53
"145","Industri","Begge kjønn","67-74 år","Sysselsatte personer etter bosted","2009",3,3,10,20,3,3,13,7,0,62
"146","Industri","Begge kjønn","67-74 år","Sysselsatte personer etter bosted","2010",3,0,14,8,3,3,13,6,0,50
"147","Industri","Begge kjønn","67-74 år","Sysselsatte personer etter bosted","2011",3,6,10,10,5,6,18,8,0,66
"148","Industri","Begge kjønn","67-74 år","Sysselsatte personer etter bosted","2012",6,4,11,17,7,5,17,13,0,80
"149","Industri","Begge kjønn","67-74 år","Sysselsatte personer etter bosted","2013",4,7,15,23,6,3,16,9,3,86
"150","Industri","Begge kjønn","67-74 år","Sysselsatte personer etter bosted","2014",5,7,13,22,9,3,13,8,3,83
"151","Industri","Begge kjønn","67-74 år","Sysselsatte personer etter bosted","2015",4,5,13,19,12,0,10,3,3,69
"152","Industri","Begge kjønn","67-74 år","Sysselsatte personer etter bosted","2016",3,3,13,15,8,0,14,7,3,66
"153","Industri","Begge kjønn","67-74 år","Sysselsatte personer etter bosted","2017",4,6,15,16,7,0,16,4,3,71
"154","Industri","Begge kjønn","67-74 år","Sysselsatte personer etter bosted","2018",4,0,23,14,6,0,19,6,3,75
"155","Industri","Begge kjønn","67-74 år","Sysselsatte personer etter bosted","2019",8,3,24,19,5,0,20,9,4,92
"156","Industri","Begge kjønn","67-74 år","Sysselsatte personer etter bosted","2020",0,0,0,0,0,0,0,0,0,0
"157","Elektrisitet, vann og renovasjon","Begge kjønn","15-74 år","Sysselsatte personer etter bosted","2008",52,31,53,128,32,19,114,105,41,575
"158","Elektrisitet, vann og renovasjon","Begge kjønn","15-74 år","Sysselsatte personer etter bosted","2009",53,28,55,141,29,20,121,104,36,587
"159","Elektrisitet, vann og renovasjon","Begge kjønn","15-74 år","Sysselsatte personer etter bosted","2010",61,32,55,150,28,18,124,106,36,610
"160","Elektrisitet, vann og renovasjon","Begge kjønn","15-74 år","Sysselsatte personer etter bosted","2011",59,32,60,158,28,23,123,107,33,623
"161","Elektrisitet, vann og renovasjon","Begge kjønn","15-74 år","Sysselsatte personer etter bosted","2012",61,33,56,168,31,21,115,106,40,631
"162","Elektrisitet, vann og renovasjon","Begge kjønn","15-74 år","Sysselsatte personer etter bosted","2013",58,41,58,155,32,24,113,105,39,625
"163","Elektrisitet, vann og renovasjon","Begge kjønn","15-74 år","Sysselsatte personer etter bosted","2014",55,42,67,150,29,23,116,105,40,627
"164","Elektrisitet, vann og renovasjon","Begge kjønn","15-74 år","Sysselsatte personer etter bosted","2015",51,38,66,148,26,22,141,105,48,645
"165","Elektrisitet, vann og renovasjon","Begge kjønn","15-74 år","Sysselsatte personer etter bosted","2016",48,38,65,156,28,23,132,109,46,645
"166","Elektrisitet, vann og renovasjon","Begge kjønn","15-74 år","Sysselsatte personer etter bosted","2017",45,43,64,152,32,22,133,101,44,636
"167","Elektrisitet, vann og renovasjon","Begge kjønn","15-74 år","Sysselsatte personer etter bosted","2018",44,43,59,147,31,21,104,101,44,594
"168","Elektrisitet, vann og renovasjon","Begge kjønn","15-74 år","Sysselsatte personer etter bosted","2019",47,40,68,162,29,23,102,109,37,617
"169","Elektrisitet, vann og renovasjon","Begge kjønn","15-74 år","Sysselsatte personer etter bosted","2020",0,0,0,0,0,0,0,0,0,0
"170","Elektrisitet, vann og renovasjon","Begge kjønn","55-66 år","Sysselsatte personer etter bosted","2008",8,6,10,27,11,5,29,29,10,135
"171","Elektrisitet, vann og renovasjon","Begge kjønn","55-66 år","Sysselsatte personer etter bosted","2009",8,6,15,34,9,8,31,31,13,155
"172","Elektrisitet, vann og renovasjon","Begge kjønn","55-66 år","Sysselsatte personer etter bosted","2010",13,8,18,38,12,6,28,29,10,162
"173","Elektrisitet, vann og renovasjon","Begge kjønn","55-66 år","Sysselsatte personer etter bosted","2011",13,7,18,41,9,10,32,29,8,167
"174","Elektrisitet, vann og renovasjon","Begge kjønn","55-66 år","Sysselsatte personer etter bosted","2012",11,9,21,42,12,7,27,29,10,168
"175","Elektrisitet, vann og renovasjon","Begge kjønn","55-66 år","Sysselsatte personer etter bosted","2013",12,6,22,36,11,7,26,31,9,160
"176","Elektrisitet, vann og renovasjon","Begge kjønn","55-66 år","Sysselsatte personer etter bosted","2014",10,6,21,37,8,6,29,33,8,158
"177","Elektrisitet, vann og renovasjon","Begge kjønn","55-66 år","Sysselsatte personer etter bosted","2015",4,8,20,35,9,8,35,37,6,162
"178","Elektrisitet, vann og renovasjon","Begge kjønn","55-66 år","Sysselsatte personer etter bosted","2016",8,6,20,36,13,6,34,38,8,169
"179","Elektrisitet, vann og renovasjon","Begge kjønn","55-66 år","Sysselsatte personer etter bosted","2017",9,10,19,36,10,7,40,31,13,175
"180","Elektrisitet, vann og renovasjon","Begge kjønn","55-66 år","Sysselsatte personer etter bosted","2018",8,11,19,36,8,6,35,33,8,164
"181","Elektrisitet, vann og renovasjon","Begge kjønn","55-66 år","Sysselsatte personer etter bosted","2019",9,8,20,37,7,6,32,39,6,164
"182","Elektrisitet, vann og renovasjon","Begge kjønn","55-66 år","Sysselsatte personer etter bosted","2020",0,0,0,0,0,0,0,0,0,0
"183","Elektrisitet, vann og renovasjon","Begge kjønn","67-74 år","Sysselsatte personer etter bosted","2008",3,0,0,3,0,0,4,0,0,10
"184","Elektrisitet, vann og renovasjon","Begge kjønn","67-74 år","Sysselsatte personer etter bosted","2009",3,0,0,0,3,0,5,0,0,11
"185","Elektrisitet, vann og renovasjon","Begge kjønn","67-74 år","Sysselsatte personer etter bosted","2010",3,0,0,3,0,0,3,0,0,9
"186","Elektrisitet, vann og renovasjon","Begge kjønn","67-74 år","Sysselsatte personer etter bosted","2011",3,0,0,3,0,0,3,3,0,12
"187","Elektrisitet, vann og renovasjon","Begge kjønn","67-74 år","Sysselsatte personer etter bosted","2012",3,3,0,0,0,3,3,0,3,15
"188","Elektrisitet, vann og renovasjon","Begge kjønn","67-74 år","Sysselsatte personer etter bosted","2013",3,0,0,0,3,3,3,0,3,15
"189","Elektrisitet, vann og renovasjon","Begge kjønn","67-74 år","Sysselsatte personer etter bosted","2014",3,0,0,0,3,3,3,0,0,12
"190","Elektrisitet, vann og renovasjon","Begge kjønn","67-74 år","Sysselsatte personer etter bosted","2015",3,0,0,0,3,0,4,0,0,10
"191","Elektrisitet, vann og renovasjon","Begge kjønn","67-74 år","Sysselsatte personer etter bosted","2016",3,3,0,0,0,0,4,0,0,10
"192","Elektrisitet, vann og renovasjon","Begge kjønn","67-74 år","Sysselsatte personer etter bosted","2017",0,0,0,3,3,3,4,3,0,16
"193","Elektrisitet, vann og renovasjon","Begge kjønn","67-74 år","Sysselsatte personer etter bosted","2018",0,0,0,3,3,0,4,0,0,10
"194","Elektrisitet, vann og renovasjon","Begge kjønn","67-74 år","Sysselsatte personer etter bosted","2019",0,3,0,3,5,4,3,3,0,21
"195","Elektrisitet, vann og renovasjon","Begge kjønn","67-74 år","Sysselsatte personer etter bosted","2020",0,0,0,0,0,0,0,0,0,0
"196","Bygge- og anleggsvirksomhet","Begge kjønn","15-74 år","Sysselsatte personer etter bosted","2008",267,267,377,569,183,111,533,292,249,2848
"197","Bygge- og anleggsvirksomhet","Begge kjønn","15-74 år","Sysselsatte personer etter bosted","2009",271,277,384,587,171,109,557,283,247,2886
"198","Bygge- og anleggsvirksomhet","Begge kjønn","15-74 år","Sysselsatte personer etter bosted","2010",275,278,388,539,170,113,554,293,262,2872
"199","Bygge- og anleggsvirksomhet","Begge kjønn","15-74 år","Sysselsatte personer etter bosted","2011",282,296,415,596,174,121,550,305,259,2998
"200","Bygge- og anleggsvirksomhet","Begge kjønn","15-74 år","Sysselsatte personer etter bosted","2012",273,268,412,611,178,118,535,293,244,2932
"201","Bygge- og anleggsvirksomhet","Begge kjønn","15-74 år","Sysselsatte personer etter bosted","2013",283,294,433,594,168,128,528,295,229,2952
"202","Bygge- og anleggsvirksomhet","Begge kjønn","15-74 år","Sysselsatte personer etter bosted","2014",295,300,436,611,185,129,543,312,236,3047
"203","Bygge- og anleggsvirksomhet","Begge kjønn","15-74 år","Sysselsatte personer etter bosted","2015",292,287,435,640,198,137,536,320,220,3065
"204","Bygge- og anleggsvirksomhet","Begge kjønn","15-74 år","Sysselsatte personer etter bosted","2016",289,285,442,649,212,132,536,328,222,3095
"205","Bygge- og anleggsvirksomhet","Begge kjønn","15-74 år","Sysselsatte personer etter bosted","2017",310,299,479,688,207,140,565,353,225,3266
"206","Bygge- og anleggsvirksomhet","Begge kjønn","15-74 år","Sysselsatte personer etter bosted","2018",323,325,514,703,190,136,591,334,234,3350
"207","Bygge- og anleggsvirksomhet","Begge kjønn","15-74 år","Sysselsatte personer etter bosted","2019",306,319,491,722,185,128,594,326,244,3315
"208","Bygge- og anleggsvirksomhet","Begge kjønn","15-74 år","Sysselsatte personer etter bosted","2020",0,0,0,0,0,0,0,0,0,0
"209","Bygge- og anleggsvirksomhet","Begge kjønn","55-66 år","Sysselsatte personer etter bosted","2008",45,35,32,55,36,18,86,49,42,398
"210","Bygge- og anleggsvirksomhet","Begge kjønn","55-66 år","Sysselsatte personer etter bosted","2009",42,46,39,63,38,20,92,48,47,435
"211","Bygge- og anleggsvirksomhet","Begge kjønn","55-66 år","Sysselsatte personer etter bosted","2010",46,46,38,57,35,18,83,56,54,433
"212","Bygge- og anleggsvirksomhet","Begge kjønn","55-66 år","Sysselsatte personer etter bosted","2011",44,46,51,65,40,19,82,53,55,455
"213","Bygge- og anleggsvirksomhet","Begge kjønn","55-66 år","Sysselsatte personer etter bosted","2012",47,47,52,82,47,20,78,59,55,487
"214","Bygge- og anleggsvirksomhet","Begge kjønn","55-66 år","Sysselsatte personer etter bosted","2013",49,54,52,79,41,18,81,56,56,486
"215","Bygge- og anleggsvirksomhet","Begge kjønn","55-66 år","Sysselsatte personer etter bosted","2014",48,54,54,72,39,23,87,57,54,488
"216","Bygge- og anleggsvirksomhet","Begge kjønn","55-66 år","Sysselsatte personer etter bosted","2015",48,50,62,79,37,30,81,58,55,500
"217","Bygge- og anleggsvirksomhet","Begge kjønn","55-66 år","Sysselsatte personer etter bosted","2016",53,46,61,78,39,27,80,68,59,511
"218","Bygge- og anleggsvirksomhet","Begge kjønn","55-66 år","Sysselsatte personer etter bosted","2017",55,50,72,91,33,30,85,65,54,535
"219","Bygge- og anleggsvirksomhet","Begge kjønn","55-66 år","Sysselsatte personer etter bosted","2018",60,53,79,89,32,28,91,62,53,547
"220","Bygge- og anleggsvirksomhet","Begge kjønn","55-66 år","Sysselsatte personer etter bosted","2019",55,53,72,90,35,21,97,57,53,533
"221","Bygge- og anleggsvirksomhet","Begge kjønn","55-66 år","Sysselsatte personer etter bosted","2020",0,0,0,0,0,0,0,0,0,0
"222","Bygge- og anleggsvirksomhet","Begge kjønn","67-74 år","Sysselsatte personer etter bosted","2008",7,6,9,7,6,3,18,8,5,69
"223","Bygge- og anleggsvirksomhet","Begge kjønn","67-74 år","Sysselsatte personer etter bosted","2009",9,4,5,6,5,0,14,9,7,59
"224","Bygge- og anleggsvirksomhet","Begge kjønn","67-74 år","Sysselsatte personer etter bosted","2010",9,5,11,5,4,0,14,10,7,65
"225","Bygge- og anleggsvirksomhet","Begge kjønn","67-74 år","Sysselsatte personer etter bosted","2011",7,5,6,10,3,0,21,12,7,71
"226","Bygge- og anleggsvirksomhet","Begge kjønn","67-74 år","Sysselsatte personer etter bosted","2012",10,3,4,5,0,3,20,9,6,60
"227","Bygge- og anleggsvirksomhet","Begge kjønn","67-74 år","Sysselsatte personer etter bosted","2013",8,5,4,7,3,3,22,15,7,74
"228","Bygge- og anleggsvirksomhet","Begge kjønn","67-74 år","Sysselsatte personer etter bosted","2014",11,8,8,8,5,3,26,16,14,99
"229","Bygge- og anleggsvirksomhet","Begge kjønn","67-74 år","Sysselsatte personer etter bosted","2015",12,6,4,4,10,0,25,14,8,83
"230","Bygge- og anleggsvirksomhet","Begge kjønn","67-74 år","Sysselsatte personer etter bosted","2016",14,8,3,6,8,5,24,6,11,85
"231","Bygge- og anleggsvirksomhet","Begge kjønn","67-74 år","Sysselsatte personer etter bosted","2017",16,7,6,9,5,6,25,9,14,97
"232","Bygge- og anleggsvirksomhet","Begge kjønn","67-74 år","Sysselsatte personer etter bosted","2018",15,7,5,8,5,10,26,7,20,103
"233","Bygge- og anleggsvirksomhet","Begge kjønn","67-74 år","Sysselsatte personer etter bosted","2019",18,10,10,11,5,7,20,11,18,110
"234","Bygge- og anleggsvirksomhet","Begge kjønn","67-74 år","Sysselsatte personer etter bosted","2020",0,0,0,0,0,0,0,0,0,0
"235","Varehandel, reparasjon av motorvogner","Begge kjønn","15-74 år","Sysselsatte personer etter bosted","2008",246,314,562,1158,176,149,731,388,177,3901
"236","Varehandel, reparasjon av motorvogner","Begge kjønn","15-74 år","Sysselsatte personer etter bosted","2009",237,285,530,1123,168,146,734,372,156,3751
"237","Varehandel, reparasjon av motorvogner","Begge kjønn","15-74 år","Sysselsatte personer etter bosted","2010",240,313,527,1110,176,142,796,378,170,3852
"238","Varehandel, reparasjon av motorvogner","Begge kjønn","15-74 år","Sysselsatte personer etter bosted","2011",239,314,551,1084,169,130,811,375,167,3840
"239","Varehandel, reparasjon av motorvogner","Begge kjønn","15-74 år","Sysselsatte personer etter bosted","2012",253,328,543,1045,166,129,730,344,166,3704
"240","Varehandel, reparasjon av motorvogner","Begge kjønn","15-74 år","Sysselsatte personer etter bosted","2013",223,331,529,1086,173,120,767,347,153,3729
"241","Varehandel, reparasjon av motorvogner","Begge kjønn","15-74 år","Sysselsatte personer etter bosted","2014",228,328,526,1102,160,128,786,348,153,3759
"242","Varehandel, reparasjon av motorvogner","Begge kjønn","15-74 år","Sysselsatte personer etter bosted","2015",210,316,491,1027,153,117,760,329,138,3541
"243","Varehandel, reparasjon av motorvogner","Begge kjønn","15-74 år","Sysselsatte personer etter bosted","2016",216,326,495,1037,159,127,736,337,149,3582
"244","Varehandel, reparasjon av motorvogner","Begge kjønn","15-74 år","Sysselsatte personer etter bosted","2017",228,332,498,1000,145,114,748,323,149,3537
"245","Varehandel, reparasjon av motorvogner","Begge kjønn","15-74 år","Sysselsatte personer etter bosted","2018",214,325,534,996,135,119,637,329,136,3425
"246","Varehandel, reparasjon av motorvogner","Begge kjønn","15-74 år","Sysselsatte personer etter bosted","2019",223,328,499,997,141,110,619,315,142,3374
"247","Varehandel, reparasjon av motorvogner","Begge kjønn","15-74 år","Sysselsatte personer etter bosted","2020",0,0,0,0,0,0,0,0,0,0
"248","Varehandel, reparasjon av motorvogner","Begge kjønn","55-66 år","Sysselsatte personer etter bosted","2008",33,50,76,120,17,31,85,62,37,511
"249","Varehandel, reparasjon av motorvogner","Begge kjønn","55-66 år","Sysselsatte personer etter bosted","2009",26,53,79,114,20,34,89,63,32,510
"250","Varehandel, reparasjon av motorvogner","Begge kjønn","55-66 år","Sysselsatte personer etter bosted","2010",29,54,83,125,24,36,93,59,26,529
"251","Varehandel, reparasjon av motorvogner","Begge kjønn","55-66 år","Sysselsatte personer etter bosted","2011",27,51,83,110,21,36,96,58,26,508
"252","Varehandel, reparasjon av motorvogner","Begge kjønn","55-66 år","Sysselsatte personer etter bosted","2012",31,51,82,112,23,36,87,61,24,507
"253","Varehandel, reparasjon av motorvogner","Begge kjønn","55-66 år","Sysselsatte personer etter bosted","2013",24,53,83,111,26,34,95,61,26,513
"254","Varehandel, reparasjon av motorvogner","Begge kjønn","55-66 år","Sysselsatte personer etter bosted","2014",27,57,83,121,25,30,97,67,27,534
"255","Varehandel, reparasjon av motorvogner","Begge kjønn","55-66 år","Sysselsatte personer etter bosted","2015",28,57,72,111,21,26,103,61,27,506
"256","Varehandel, reparasjon av motorvogner","Begge kjønn","55-66 år","Sysselsatte personer etter bosted","2016",28,55,72,118,19,25,103,66,27,513
"257","Varehandel, reparasjon av motorvogner","Begge kjønn","55-66 år","Sysselsatte personer etter bosted","2017",33,59,69,120,15,23,106,60,22,507
"258","Varehandel, reparasjon av motorvogner","Begge kjønn","55-66 år","Sysselsatte personer etter bosted","2018",33,59,70,115,16,21,94,55,24,487
"259","Varehandel, reparasjon av motorvogner","Begge kjønn","55-66 år","Sysselsatte personer etter bosted","2019",35,53,73,118,21,21,100,49,26,496
"260","Varehandel, reparasjon av motorvogner","Begge kjønn","55-66 år","Sysselsatte personer etter bosted","2020",0,0,0,0,0,0,0,0,0,0
"261","Varehandel, reparasjon av motorvogner","Begge kjønn","67-74 år","Sysselsatte personer etter bosted","2008",3,7,12,13,3,6,17,3,11,75
"262","Varehandel, reparasjon av motorvogner","Begge kjønn","67-74 år","Sysselsatte personer etter bosted","2009",8,3,11,15,6,3,16,8,13,83
"263","Varehandel, reparasjon av motorvogner","Begge kjønn","67-74 år","Sysselsatte personer etter bosted","2010",8,7,10,11,3,3,17,10,11,80
"264","Varehandel, reparasjon av motorvogner","Begge kjønn","67-74 år","Sysselsatte personer etter bosted","2011",3,6,13,13,3,3,22,9,9,81
"265","Varehandel, reparasjon av motorvogner","Begge kjønn","67-74 år","Sysselsatte personer etter bosted","2012",3,10,15,16,3,4,20,8,9,88
"266","Varehandel, reparasjon av motorvogner","Begge kjønn","67-74 år","Sysselsatte personer etter bosted","2013",0,6,9,17,3,3,19,6,6,69
"267","Varehandel, reparasjon av motorvogner","Begge kjønn","67-74 år","Sysselsatte personer etter bosted","2014",3,6,9,14,3,5,16,8,6,70
"268","Varehandel, reparasjon av motorvogner","Begge kjønn","67-74 år","Sysselsatte personer etter bosted","2015",3,6,9,13,3,3,18,3,6,64
"269","Varehandel, reparasjon av motorvogner","Begge kjønn","67-74 år","Sysselsatte personer etter bosted","2016",0,9,10,11,3,9,15,0,3,60
"270","Varehandel, reparasjon av motorvogner","Begge kjønn","67-74 år","Sysselsatte personer etter bosted","2017",3,10,9,12,3,6,15,3,6,67
"271","Varehandel, reparasjon av motorvogner","Begge kjønn","67-74 år","Sysselsatte personer etter bosted","2018",0,10,13,15,3,6,15,3,6,71
"272","Varehandel, reparasjon av motorvogner","Begge kjønn","67-74 år","Sysselsatte personer etter bosted","2019",3,8,4,15,7,7,12,6,7,69
"273","Varehandel, reparasjon av motorvogner","Begge kjønn","67-74 år","Sysselsatte personer etter bosted","2020",0,0,0,0,0,0,0,0,0,0
"274","Transport og lagring","Begge kjønn","15-74 år","Sysselsatte personer etter bosted","2008",95,190,590,388,89,136,339,134,89,2050
"275","Transport og lagring","Begge kjønn","15-74 år","Sysselsatte personer etter bosted","2009",83,203,583,363,82,127,334,125,78,1978
"276","Transport og lagring","Begge kjønn","15-74 år","Sysselsatte personer etter bosted","2010",75,191,567,354,86,121,332,115,76,1917
"277","Transport og lagring","Begge kjønn","15-74 år","Sysselsatte personer etter bosted","2011",77,185,459,356,86,119,321,116,72,1791
"278","Transport og lagring","Begge kjønn","15-74 år","Sysselsatte personer etter bosted","2012",75,182,456,369,91,118,254,114,65,1724
"279","Transport og lagring","Begge kjønn","15-74 år","Sysselsatte personer etter bosted","2013",72,187,457,367,91,122,258,116,71,1741
"280","Transport og lagring","Begge kjønn","15-74 år","Sysselsatte personer etter bosted","2014",74,207,437,361,106,119,315,116,73,1808
"281","Transport og lagring","Begge kjønn","15-74 år","Sysselsatte personer etter bosted","2015",82,199,412,348,98,106,282,115,63,1705
"282","Transport og lagring","Begge kjønn","15-74 år","Sysselsatte personer etter bosted","2016",75,201,406,339,92,105,231,122,65,1636
"283","Transport og lagring","Begge kjønn","15-74 år","Sysselsatte personer etter bosted","2017",75,196,410,345,84,98,266,115,64,1653
"284","Transport og lagring","Begge kjønn","15-74 år","Sysselsatte personer etter bosted","2018",71,182,407,353,83,104,293,112,59,1664
"285","Transport og lagring","Begge kjønn","15-74 år","Sysselsatte personer etter bosted","2019",77,180,415,355,95,103,289,118,54,1686
"286","Transport og lagring","Begge kjønn","15-74 år","Sysselsatte personer etter bosted","2020",0,0,0,0,0,0,0,0,0,0
"287","Transport og lagring","Begge kjønn","55-66 år","Sysselsatte personer etter bosted","2008",21,42,117,72,11,38,76,30,24,431
"288","Transport og lagring","Begge kjønn","55-66 år","Sysselsatte personer etter bosted","2009",19,41,121,72,9,33,85,33,23,436
"289","Transport og lagring","Begge kjønn","55-66 år","Sysselsatte personer etter bosted","2010",14,41,124,71,7,27,72,31,26,413
"290","Transport og lagring","Begge kjønn","55-66 år","Sysselsatte personer etter bosted","2011",15,45,100,74,10,30,70,35,22,401
"291","Transport og lagring","Begge kjønn","55-66 år","Sysselsatte personer etter bosted","2012",19,43,96,75,14,28,65,35,18,393
"292","Transport og lagring","Begge kjønn","55-66 år","Sysselsatte personer etter bosted","2013",18,42,95,83,13,30,69,36,17,403
"293","Transport og lagring","Begge kjønn","55-66 år","Sysselsatte personer etter bosted","2014",13,45,91,83,17,27,82,33,21,412
"294","Transport og lagring","Begge kjønn","55-66 år","Sysselsatte personer etter bosted","2015",15,39,93,79,16,19,77,31,21,390
"295","Transport og lagring","Begge kjønn","55-66 år","Sysselsatte personer etter bosted","2016",14,48,88,79,16,21,63,32,19,380
"296","Transport og lagring","Begge kjønn","55-66 år","Sysselsatte personer etter bosted","2017",16,49,90,84,17,26,69,28,24,403
"297","Transport og lagring","Begge kjønn","55-66 år","Sysselsatte personer etter bosted","2018",16,46,96,81,19,23,68,29,24,402
"298","Transport og lagring","Begge kjønn","55-66 år","Sysselsatte personer etter bosted","2019",16,46,108,80,15,22,64,33,21,405
"299","Transport og lagring","Begge kjønn","55-66 år","Sysselsatte personer etter bosted","2020",0,0,0,0,0,0,0,0,0,0
"300","Transport og lagring","Begge kjønn","67-74 år","Sysselsatte personer etter bosted","2008",3,4,9,9,4,4,9,4,3,49
"301","Transport og lagring","Begge kjønn","67-74 år","Sysselsatte personer etter bosted","2009",5,3,13,8,6,3,8,5,4,55
"302","Transport og lagring","Begge kjønn","67-74 år","Sysselsatte personer etter bosted","2010",7,6,13,13,5,3,10,3,3,63
"303","Transport og lagring","Begge kjønn","67-74 år","Sysselsatte personer etter bosted","2011",9,6,16,11,3,3,14,3,3,68
"304","Transport og lagring","Begge kjønn","67-74 år","Sysselsatte personer etter bosted","2012",5,7,10,12,0,4,9,6,3,56
"305","Transport og lagring","Begge kjønn","67-74 år","Sysselsatte personer etter bosted","2013",8,9,19,10,0,6,9,6,10,77
"306","Transport og lagring","Begge kjønn","67-74 år","Sysselsatte personer etter bosted","2014",12,11,17,13,3,6,9,11,6,88
"307","Transport og lagring","Begge kjønn","67-74 år","Sysselsatte personer etter bosted","2015",11,8,14,11,3,8,12,11,7,85
"308","Transport og lagring","Begge kjønn","67-74 år","Sysselsatte personer etter bosted","2016",8,9,19,7,0,7,12,20,5,87
"309","Transport og lagring","Begge kjønn","67-74 år","Sysselsatte personer etter bosted","2017",8,9,19,13,0,5,10,17,6,87
"310","Transport og lagring","Begge kjønn","67-74 år","Sysselsatte personer etter bosted","2018",5,8,20,16,0,10,18,17,4,98
"311","Transport og lagring","Begge kjønn","67-74 år","Sysselsatte personer etter bosted","2019",13,8,24,15,3,10,15,16,5,109
"312","Transport og lagring","Begge kjønn","67-74 år","Sysselsatte personer etter bosted","2020",0,0,0,0,0,0,0,0,0,0
"313","Overnattings- og serveringsvirksomhet","Begge kjønn","15-74 år","Sysselsatte personer etter bosted","2008",61,66,107,353,57,18,163,110,94,1029
"314","Overnattings- og serveringsvirksomhet","Begge kjønn","15-74 år","Sysselsatte personer etter bosted","2009",56,75,93,335,44,17,165,87,86,958
"315","Overnattings- og serveringsvirksomhet","Begge kjønn","15-74 år","Sysselsatte personer etter bosted","2010",55,50,75,313,41,19,156,93,77,879
"316","Overnattings- og serveringsvirksomhet","Begge kjønn","15-74 år","Sysselsatte personer etter bosted","2011",62,56,78,306,45,12,133,96,101,889
"317","Overnattings- og serveringsvirksomhet","Begge kjønn","15-74 år","Sysselsatte personer etter bosted","2012",54,53,74,293,39,9,123,85,91,821
"318","Overnattings- og serveringsvirksomhet","Begge kjønn","15-74 år","Sysselsatte personer etter bosted","2013",60,58,81,345,42,12,140,102,95,935
"319","Overnattings- og serveringsvirksomhet","Begge kjønn","15-74 år","Sysselsatte personer etter bosted","2014",66,54,92,385,42,12,142,96,97,986
"320","Overnattings- og serveringsvirksomhet","Begge kjønn","15-74 år","Sysselsatte personer etter bosted","2015",54,45,82,319,32,15,118,91,88,844
"321","Overnattings- og serveringsvirksomhet","Begge kjønn","15-74 år","Sysselsatte personer etter bosted","2016",61,59,84,307,43,21,132,98,93,898
"322","Overnattings- og serveringsvirksomhet","Begge kjønn","15-74 år","Sysselsatte personer etter bosted","2017",55,65,85,355,33,15,147,104,91,950
"323","Overnattings- og serveringsvirksomhet","Begge kjønn","15-74 år","Sysselsatte personer etter bosted","2018",53,62,95,334,36,12,145,114,86,937
"324","Overnattings- og serveringsvirksomhet","Begge kjønn","15-74 år","Sysselsatte personer etter bosted","2019",43,67,121,363,36,16,147,111,80,984
"325","Overnattings- og serveringsvirksomhet","Begge kjønn","15-74 år","Sysselsatte personer etter bosted","2020",0,0,0,0,0,0,0,0,0,0
"326","Overnattings- og serveringsvirksomhet","Begge kjønn","55-66 år","Sysselsatte personer etter bosted","2008",3,7,10,20,7,3,20,5,9,84
"327","Overnattings- og serveringsvirksomhet","Begge kjønn","55-66 år","Sysselsatte personer etter bosted","2009",3,11,11,22,3,3,17,7,8,85
"328","Overnattings- og serveringsvirksomhet","Begge kjønn","55-66 år","Sysselsatte personer etter bosted","2010",3,11,11,18,5,3,19,7,8,85
"329","Overnattings- og serveringsvirksomhet","Begge kjønn","55-66 år","Sysselsatte personer etter bosted","2011",7,9,13,16,6,0,18,8,7,84
"330","Overnattings- og serveringsvirksomhet","Begge kjønn","55-66 år","Sysselsatte personer etter bosted","2012",4,11,12,18,3,3,20,7,6,84
"331","Overnattings- og serveringsvirksomhet","Begge kjønn","55-66 år","Sysselsatte personer etter bosted","2013",10,9,14,21,3,0,15,7,6,85
"332","Overnattings- og serveringsvirksomhet","Begge kjønn","55-66 år","Sysselsatte personer etter bosted","2014",8,5,13,22,3,0,18,6,8,83
"333","Overnattings- og serveringsvirksomhet","Begge kjønn","55-66 år","Sysselsatte personer etter bosted","2015",7,7,11,22,0,3,17,12,7,86
"334","Overnattings- og serveringsvirksomhet","Begge kjønn","55-66 år","Sysselsatte personer etter bosted","2016",7,4,14,18,0,3,16,14,8,84
"335","Overnattings- og serveringsvirksomhet","Begge kjønn","55-66 år","Sysselsatte personer etter bosted","2017",4,6,14,26,3,3,17,9,7,89
"336","Overnattings- og serveringsvirksomhet","Begge kjønn","55-66 år","Sysselsatte personer etter bosted","2018",4,3,10,24,3,0,16,12,3,75
"337","Overnattings- og serveringsvirksomhet","Begge kjønn","55-66 år","Sysselsatte personer etter bosted","2019",6,7,7,25,7,0,14,11,3,80
"338","Overnattings- og serveringsvirksomhet","Begge kjønn","55-66 år","Sysselsatte personer etter bosted","2020",0,0,0,0,0,0,0,0,0,0
"339","Overnattings- og serveringsvirksomhet","Begge kjønn","67-74 år","Sysselsatte personer etter bosted","2008",3,0,0,4,0,0,3,3,6,19
"340","Overnattings- og serveringsvirksomhet","Begge kjønn","67-74 år","Sysselsatte personer etter bosted","2009",0,0,0,3,0,0,3,3,6,15
"341","Overnattings- og serveringsvirksomhet","Begge kjønn","67-74 år","Sysselsatte personer etter bosted","2010",3,3,0,6,0,0,0,0,3,15
"342","Overnattings- og serveringsvirksomhet","Begge kjønn","67-74 år","Sysselsatte personer etter bosted","2011",0,0,0,4,3,0,3,0,3,13
"343","Overnattings- og serveringsvirksomhet","Begge kjønn","67-74 år","Sysselsatte personer etter bosted","2012",3,0,0,3,3,0,3,3,4,19
"344","Overnattings- og serveringsvirksomhet","Begge kjønn","67-74 år","Sysselsatte personer etter bosted","2013",0,3,3,6,0,0,3,3,8,26
"345","Overnattings- og serveringsvirksomhet","Begge kjønn","67-74 år","Sysselsatte personer etter bosted","2014",3,0,3,3,0,0,3,3,9,24
"346","Overnattings- og serveringsvirksomhet","Begge kjønn","67-74 år","Sysselsatte personer etter bosted","2015",0,0,4,3,0,0,0,0,11,18
"347","Overnattings- og serveringsvirksomhet","Begge kjønn","67-74 år","Sysselsatte personer etter bosted","2016",0,3,3,7,0,3,3,0,9,28
"348","Overnattings- og serveringsvirksomhet","Begge kjønn","67-74 år","Sysselsatte personer etter bosted","2017",0,3,4,3,0,0,6,6,9,31
"349","Overnattings- og serveringsvirksomhet","Begge kjønn","67-74 år","Sysselsatte personer etter bosted","2018",3,3,3,3,0,3,3,3,6,27
"350","Overnattings- og serveringsvirksomhet","Begge kjønn","67-74 år","Sysselsatte personer etter bosted","2019",0,0,6,4,0,0,3,5,7,25
"351","Overnattings- og serveringsvirksomhet","Begge kjønn","67-74 år","Sysselsatte personer etter bosted","2020",0,0,0,0,0,0,0,0,0,0
"352","Informasjon og kommunikasjon","Begge kjønn","15-74 år","Sysselsatte personer etter bosted","2008",31,43,39,148,9,20,57,51,14,412
"353","Informasjon og kommunikasjon","Begge kjønn","15-74 år","Sysselsatte personer etter bosted","2009",33,46,40,163,12,19,51,48,15,427
"354","Informasjon og kommunikasjon","Begge kjønn","15-74 år","Sysselsatte personer etter bosted","2010",32,50,46,170,14,23,56,51,17,459
"355","Informasjon og kommunikasjon","Begge kjønn","15-74 år","Sysselsatte personer etter bosted","2011",40,45,39,171,11,23,52,46,13,440
"356","Informasjon og kommunikasjon","Begge kjønn","15-74 år","Sysselsatte personer etter bosted","2012",39,54,42,176,14,15,69,39,13,461
"357","Informasjon og kommunikasjon","Begge kjønn","15-74 år","Sysselsatte personer etter bosted","2013",38,53,37,173,14,15,66,40,14,450
"358","Informasjon og kommunikasjon","Begge kjønn","15-74 år","Sysselsatte personer etter bosted","2014",35,47,42,155,15,20,60,39,11,424
"359","Informasjon og kommunikasjon","Begge kjønn","15-74 år","Sysselsatte personer etter bosted","2015",35,40,42,126,12,18,63,31,15,382
"360","Informasjon og kommunikasjon","Begge kjønn","15-74 år","Sysselsatte personer etter bosted","2016",34,28,40,119,11,17,62,27,15,353
"361","Informasjon og kommunikasjon","Begge kjønn","15-74 år","Sysselsatte personer etter bosted","2017",35,34,38,142,16,14,64,28,16,387
"362","Informasjon og kommunikasjon","Begge kjønn","15-74 år","Sysselsatte personer etter bosted","2018",39,33,51,125,17,15,74,35,12,401
"363","Informasjon og kommunikasjon","Begge kjønn","15-74 år","Sysselsatte personer etter bosted","2019",44,41,46,179,21,17,71,22,12,453
"364","Informasjon og kommunikasjon","Begge kjønn","15-74 år","Sysselsatte personer etter bosted","2020",0,0,0,0,0,0,0,0,0,0
"365","Informasjon og kommunikasjon","Begge kjønn","55-66 år","Sysselsatte personer etter bosted","2008",3,8,0,29,3,8,14,12,3,80
"366","Informasjon og kommunikasjon","Begge kjønn","55-66 år","Sysselsatte personer etter bosted","2009",0,7,3,30,0,7,14,13,3,77
"367","Informasjon og kommunikasjon","Begge kjønn","55-66 år","Sysselsatte personer etter bosted","2010",0,9,5,33,3,6,17,14,3,90
"368","Informasjon og kommunikasjon","Begge kjønn","55-66 år","Sysselsatte personer etter bosted","2011",3,9,6,37,3,7,18,15,3,101
"369","Informasjon og kommunikasjon","Begge kjønn","55-66 år","Sysselsatte personer etter bosted","2012",6,14,7,39,3,7,18,17,3,114
"370","Informasjon og kommunikasjon","Begge kjønn","55-66 år","Sysselsatte personer etter bosted","2013",6,11,9,39,3,3,15,15,3,104
"371","Informasjon og kommunikasjon","Begge kjønn","55-66 år","Sysselsatte personer etter bosted","2014",6,15,5,41,3,3,15,15,0,103
"372","Informasjon og kommunikasjon","Begge kjønn","55-66 år","Sysselsatte personer etter bosted","2015",7,5,6,33,3,3,12,12,3,84
"373","Informasjon og kommunikasjon","Begge kjønn","55-66 år","Sysselsatte personer etter bosted","2016",3,5,3,29,0,0,11,12,3,66
"374","Informasjon og kommunikasjon","Begge kjønn","55-66 år","Sysselsatte personer etter bosted","2017",5,9,3,32,0,3,11,9,0,72
"375","Informasjon og kommunikasjon","Begge kjønn","55-66 år","Sysselsatte personer etter bosted","2018",4,7,7,35,0,3,7,10,3,76
"376","Informasjon og kommunikasjon","Begge kjønn","55-66 år","Sysselsatte personer etter bosted","2019",8,8,6,52,3,6,7,8,3,101
"377","Informasjon og kommunikasjon","Begge kjønn","55-66 år","Sysselsatte personer etter bosted","2020",0,0,0,0,0,0,0,0,0,0
"378","Informasjon og kommunikasjon","Begge kjønn","67-74 år","Sysselsatte personer etter bosted","2008",0,0,3,0,0,0,0,0,0,3
"379","Informasjon og kommunikasjon","Begge kjønn","67-74 år","Sysselsatte personer etter bosted","2009",3,0,0,3,0,0,0,3,0,9
"380","Informasjon og kommunikasjon","Begge kjønn","67-74 år","Sysselsatte personer etter bosted","2010",3,0,0,3,0,0,3,0,0,9
"381","Informasjon og kommunikasjon","Begge kjønn","67-74 år","Sysselsatte personer etter bosted","2011",3,3,0,3,0,0,0,0,0,9
"382","Informasjon og kommunikasjon","Begge kjønn","67-74 år","Sysselsatte personer etter bosted","2012",0,0,0,4,0,0,3,0,0,7
"383","Informasjon og kommunikasjon","Begge kjønn","67-74 år","Sysselsatte personer etter bosted","2013",0,3,0,6,0,0,3,0,0,12
"384","Informasjon og kommunikasjon","Begge kjønn","67-74 år","Sysselsatte personer etter bosted","2014",0,0,0,5,0,3,0,0,0,8
"385","Informasjon og kommunikasjon","Begge kjønn","67-74 år","Sysselsatte personer etter bosted","2015",0,3,0,3,0,0,3,0,0,9
"386","Informasjon og kommunikasjon","Begge kjønn","67-74 år","Sysselsatte personer etter bosted","2016",0,0,0,3,0,3,3,0,0,9
"387","Informasjon og kommunikasjon","Begge kjønn","67-74 år","Sysselsatte personer etter bosted","2017",0,0,0,5,0,0,3,0,3,11
"388","Informasjon og kommunikasjon","Begge kjønn","67-74 år","Sysselsatte personer etter bosted","2018",0,0,0,5,0,3,3,0,0,11
"389","Informasjon og kommunikasjon","Begge kjønn","67-74 år","Sysselsatte personer etter bosted","2019",0,0,0,7,3,0,3,0,0,13
"390","Informasjon og kommunikasjon","Begge kjønn","67-74 år","Sysselsatte personer etter bosted","2020",0,0,0,0,0,0,0,0,0,0
"391","Finansiering og forsikring","Begge kjønn","15-74 år","Sysselsatte personer etter bosted","2008",26,22,30,71,6,21,74,26,27,303
"392","Finansiering og forsikring","Begge kjønn","15-74 år","Sysselsatte personer etter bosted","2009",28,14,33,64,6,21,70,20,27,283
"393","Finansiering og forsikring","Begge kjønn","15-74 år","Sysselsatte personer etter bosted","2010",26,13,37,62,6,17,71,23,26,281
"394","Finansiering og forsikring","Begge kjønn","15-74 år","Sysselsatte personer etter bosted","2011",29,11,32,58,9,16,61,15,24,255
"395","Finansiering og forsikring","Begge kjønn","15-74 år","Sysselsatte personer etter bosted","2012",21,13,33,56,9,19,52,15,24,242
"396","Finansiering og forsikring","Begge kjønn","15-74 år","Sysselsatte personer etter bosted","2013",20,10,35,59,9,21,47,18,18,237
"397","Finansiering og forsikring","Begge kjønn","15-74 år","Sysselsatte personer etter bosted","2014",25,13,33,52,9,20,44,18,13,227
"398","Finansiering og forsikring","Begge kjønn","15-74 år","Sysselsatte personer etter bosted","2015",18,9,29,60,6,22,41,15,12,212
"399","Finansiering og forsikring","Begge kjønn","15-74 år","Sysselsatte personer etter bosted","2016",20,9,22,49,9,18,30,9,10,176
"400","Finansiering og forsikring","Begge kjønn","15-74 år","Sysselsatte personer etter bosted","2017",20,9,25,48,6,15,26,9,6,164
"401","Finansiering og forsikring","Begge kjønn","15-74 år","Sysselsatte personer etter bosted","2018",18,6,27,44,9,15,31,6,9,165
"402","Finansiering og forsikring","Begge kjønn","15-74 år","Sysselsatte personer etter bosted","2019",18,3,24,38,7,14,26,12,9,151
"403","Finansiering og forsikring","Begge kjønn","15-74 år","Sysselsatte personer etter bosted","2020",0,0,0,0,0,0,0,0,0,0
"404","Finansiering og forsikring","Begge kjønn","55-66 år","Sysselsatte personer etter bosted","2008",8,9,10,16,3,9,28,10,7,100
"405","Finansiering og forsikring","Begge kjønn","55-66 år","Sysselsatte personer etter bosted","2009",7,7,12,19,0,6,29,11,8,99
"406","Finansiering og forsikring","Begge kjønn","55-66 år","Sysselsatte personer etter bosted","2010",10,6,12,21,0,3,27,10,8,97
"407","Finansiering og forsikring","Begge kjønn","55-66 år","Sysselsatte personer etter bosted","2011",10,8,13,17,3,6,22,5,8,92
"408","Finansiering og forsikring","Begge kjønn","55-66 år","Sysselsatte personer etter bosted","2012",10,7,12,18,3,6,19,6,8,89
"409","Finansiering og forsikring","Begge kjønn","55-66 år","Sysselsatte personer etter bosted","2013",8,7,12,17,3,3,16,7,7,80
"410","Finansiering og forsikring","Begge kjønn","55-66 år","Sysselsatte personer etter bosted","2014",8,7,13,16,3,6,14,7,3,77
"411","Finansiering og forsikring","Begge kjønn","55-66 år","Sysselsatte personer etter bosted","2015",8,6,12,19,3,3,12,8,3,74
"412","Finansiering og forsikring","Begge kjønn","55-66 år","Sysselsatte personer etter bosted","2016",8,6,9,20,3,3,8,3,0,60
"413","Finansiering og forsikring","Begge kjønn","55-66 år","Sysselsatte personer etter bosted","2017",8,6,11,17,3,0,8,3,0,56
"414","Finansiering og forsikring","Begge kjønn","55-66 år","Sysselsatte personer etter bosted","2018",5,3,10,15,3,3,8,3,3,53
"415","Finansiering og forsikring","Begge kjønn","55-66 år","Sysselsatte personer etter bosted","2019",5,0,10,15,0,6,8,3,3,50
"416","Finansiering og forsikring","Begge kjønn","55-66 år","Sysselsatte personer etter bosted","2020",0,0,0,0,0,0,0,0,0,0
"417","Finansiering og forsikring","Begge kjønn","67-74 år","Sysselsatte personer etter bosted","2008",0,3,0,0,0,0,0,0,0,3
"418","Finansiering og forsikring","Begge kjønn","67-74 år","Sysselsatte personer etter bosted","2009",3,0,3,0,0,3,0,0,0,9
"419","Finansiering og forsikring","Begge kjønn","67-74 år","Sysselsatte personer etter bosted","2010",0,0,3,0,0,3,0,0,0,6
"420","Finansiering og forsikring","Begge kjønn","67-74 år","Sysselsatte personer etter bosted","2011",0,0,3,0,0,0,3,0,3,9
"421","Finansiering og forsikring","Begge kjønn","67-74 år","Sysselsatte personer etter bosted","2012",0,0,0,3,0,3,0,0,0,6
"422","Finansiering og forsikring","Begge kjønn","67-74 år","Sysselsatte personer etter bosted","2013",0,0,3,0,0,3,0,0,0,6
"423","Finansiering og forsikring","Begge kjønn","67-74 år","Sysselsatte personer etter bosted","2014",0,0,3,0,0,0,0,0,0,3
"424","Finansiering og forsikring","Begge kjønn","67-74 år","Sysselsatte personer etter bosted","2015",0,0,3,0,0,3,0,0,0,6
"425","Finansiering og forsikring","Begge kjønn","67-74 år","Sysselsatte personer etter bosted","2016",0,0,0,0,0,0,0,0,0,0
"426","Finansiering og forsikring","Begge kjønn","67-74 år","Sysselsatte personer etter bosted","2017",0,0,0,0,0,0,0,0,0,0
"427","Finansiering og forsikring","Begge kjønn","67-74 år","Sysselsatte personer etter bosted","2018",0,0,0,0,0,3,0,0,0,3
"428","Finansiering og forsikring","Begge kjønn","67-74 år","Sysselsatte personer etter bosted","2019",0,0,0,0,0,0,0,0,0,0
"429","Finansiering og forsikring","Begge kjønn","67-74 år","Sysselsatte personer etter bosted","2020",0,0,0,0,0,0,0,0,0,0
"430","Teknisk tjenesteyting, eiendomsdrift","Begge kjønn","15-74 år","Sysselsatte personer etter bosted","2008",65,78,159,419,95,30,209,132,99,1286
"431","Teknisk tjenesteyting, eiendomsdrift","Begge kjønn","15-74 år","Sysselsatte personer etter bosted","2009",61,86,161,482,96,31,193,150,98,1358
"432","Teknisk tjenesteyting, eiendomsdrift","Begge kjønn","15-74 år","Sysselsatte personer etter bosted","2010",63,113,168,455,90,31,198,153,105,1376
"433","Teknisk tjenesteyting, eiendomsdrift","Begge kjønn","15-74 år","Sysselsatte personer etter bosted","2011",67,100,165,488,94,28,210,158,95,1405
"434","Teknisk tjenesteyting, eiendomsdrift","Begge kjønn","15-74 år","Sysselsatte personer etter bosted","2012",69,93,176,520,102,32,223,160,104,1479
"435","Teknisk tjenesteyting, eiendomsdrift","Begge kjønn","15-74 år","Sysselsatte personer etter bosted","2013",81,98,178,543,117,39,245,157,113,1571
"436","Teknisk tjenesteyting, eiendomsdrift","Begge kjønn","15-74 år","Sysselsatte personer etter bosted","2014",82,100,168,541,117,35,231,155,118,1547
"437","Teknisk tjenesteyting, eiendomsdrift","Begge kjønn","15-74 år","Sysselsatte personer etter bosted","2015",77,105,161,466,99,41,218,147,107,1421
"438","Teknisk tjenesteyting, eiendomsdrift","Begge kjønn","15-74 år","Sysselsatte personer etter bosted","2016",68,112,155,491,96,41,209,154,108,1434
"439","Teknisk tjenesteyting, eiendomsdrift","Begge kjønn","15-74 år","Sysselsatte personer etter bosted","2017",75,107,137,503,90,41,234,156,108,1451
"440","Teknisk tjenesteyting, eiendomsdrift","Begge kjønn","15-74 år","Sysselsatte personer etter bosted","2018",77,101,136,523,92,37,226,164,103,1459
"441","Teknisk tjenesteyting, eiendomsdrift","Begge kjønn","15-74 år","Sysselsatte personer etter bosted","2019",84,91,151,480,93,45,228,157,96,1425
"442","Teknisk tjenesteyting, eiendomsdrift","Begge kjønn","15-74 år","Sysselsatte personer etter bosted","2020",0,0,0,0,0,0,0,0,0,0
"443","Teknisk tjenesteyting, eiendomsdrift","Begge kjønn","55-66 år","Sysselsatte personer etter bosted","2008",6,16,48,98,17,5,38,36,13,277
"444","Teknisk tjenesteyting, eiendomsdrift","Begge kjønn","55-66 år","Sysselsatte personer etter bosted","2009",11,15,48,122,22,6,42,39,17,322
"445","Teknisk tjenesteyting, eiendomsdrift","Begge kjønn","55-66 år","Sysselsatte personer etter bosted","2010",11,21,47,114,21,10,46,32,19,321
"446","Teknisk tjenesteyting, eiendomsdrift","Begge kjønn","55-66 år","Sysselsatte personer etter bosted","2011",16,19,47,127,19,9,51,40,18,346
"447","Teknisk tjenesteyting, eiendomsdrift","Begge kjønn","55-66 år","Sysselsatte personer etter bosted","2012",16,18,47,130,21,10,56,37,20,355
"448","Teknisk tjenesteyting, eiendomsdrift","Begge kjønn","55-66 år","Sysselsatte personer etter bosted","2013",17,22,47,130,27,10,66,38,17,374
"449","Teknisk tjenesteyting, eiendomsdrift","Begge kjønn","55-66 år","Sysselsatte personer etter bosted","2014",15,21,42,123,27,9,59,45,16,357
"450","Teknisk tjenesteyting, eiendomsdrift","Begge kjønn","55-66 år","Sysselsatte personer etter bosted","2015",17,27,46,100,25,5,57,45,14,336
"451","Teknisk tjenesteyting, eiendomsdrift","Begge kjønn","55-66 år","Sysselsatte personer etter bosted","2016",16,30,38,99,24,8,41,44,17,317
"452","Teknisk tjenesteyting, eiendomsdrift","Begge kjønn","55-66 år","Sysselsatte personer etter bosted","2017",17,29,29,100,22,9,51,43,18,318
"453","Teknisk tjenesteyting, eiendomsdrift","Begge kjønn","55-66 år","Sysselsatte personer etter bosted","2018",17,24,31,111,24,6,59,45,22,339
"454","Teknisk tjenesteyting, eiendomsdrift","Begge kjønn","55-66 år","Sysselsatte personer etter bosted","2019",17,18,33,102,22,11,57,44,21,325
"455","Teknisk tjenesteyting, eiendomsdrift","Begge kjønn","55-66 år","Sysselsatte personer etter bosted","2020",0,0,0,0,0,0,0,0,0,0
"456","Teknisk tjenesteyting, eiendomsdrift","Begge kjønn","67-74 år","Sysselsatte personer etter bosted","2008",7,3,4,16,0,0,6,3,3,42
"457","Teknisk tjenesteyting, eiendomsdrift","Begge kjønn","67-74 år","Sysselsatte personer etter bosted","2009",5,3,10,17,0,3,10,8,4,60
"458","Teknisk tjenesteyting, eiendomsdrift","Begge kjønn","67-74 år","Sysselsatte personer etter bosted","2010",4,3,5,16,0,3,6,10,6,53
"459","Teknisk tjenesteyting, eiendomsdrift","Begge kjønn","67-74 år","Sysselsatte personer etter bosted","2011",3,3,4,16,3,3,4,8,3,47
"460","Teknisk tjenesteyting, eiendomsdrift","Begge kjønn","67-74 år","Sysselsatte personer etter bosted","2012",3,0,7,18,4,3,10,9,3,57
"461","Teknisk tjenesteyting, eiendomsdrift","Begge kjønn","67-74 år","Sysselsatte personer etter bosted","2013",0,3,10,23,5,3,13,5,5,67
"462","Teknisk tjenesteyting, eiendomsdrift","Begge kjønn","67-74 år","Sysselsatte personer etter bosted","2014",3,4,6,24,5,3,18,5,9,77
"463","Teknisk tjenesteyting, eiendomsdrift","Begge kjønn","67-74 år","Sysselsatte personer etter bosted","2015",3,6,5,21,3,4,13,5,4,64
"464","Teknisk tjenesteyting, eiendomsdrift","Begge kjønn","67-74 år","Sysselsatte personer etter bosted","2016",0,6,6,27,4,4,18,8,9,82
"465","Teknisk tjenesteyting, eiendomsdrift","Begge kjønn","67-74 år","Sysselsatte personer etter bosted","2017",3,5,5,26,9,3,21,9,3,84
"466","Teknisk tjenesteyting, eiendomsdrift","Begge kjønn","67-74 år","Sysselsatte personer etter bosted","2018",3,10,8,29,4,4,21,11,3,93
"467","Teknisk tjenesteyting, eiendomsdrift","Begge kjønn","67-74 år","Sysselsatte personer etter bosted","2019",4,10,11,31,4,3,19,11,0,93
"468","Teknisk tjenesteyting, eiendomsdrift","Begge kjønn","67-74 år","Sysselsatte personer etter bosted","2020",0,0,0,0,0,0,0,0,0,0
"469","Forretningsmessig tjenesteyting","Begge kjønn","15-74 år","Sysselsatte personer etter bosted","2008",111,80,142,423,44,35,107,84,35,1061
"470","Forretningsmessig tjenesteyting","Begge kjønn","15-74 år","Sysselsatte personer etter bosted","2009",103,72,136,362,40,34,130,89,38,1004
"471","Forretningsmessig tjenesteyting","Begge kjønn","15-74 år","Sysselsatte personer etter bosted","2010",89,63,157,305,47,31,116,60,41,909
"472","Forretningsmessig tjenesteyting","Begge kjønn","15-74 år","Sysselsatte personer etter bosted","2011",95,100,244,367,45,32,109,76,43,1111
"473","Forretningsmessig tjenesteyting","Begge kjønn","15-74 år","Sysselsatte personer etter bosted","2012",115,106,259,354,46,36,146,89,45,1196
"474","Forretningsmessig tjenesteyting","Begge kjønn","15-74 år","Sysselsatte personer etter bosted","2013",100,85,257,375,52,35,155,78,42,1179
"475","Forretningsmessig tjenesteyting","Begge kjønn","15-74 år","Sysselsatte personer etter bosted","2014",94,88,248,392,53,36,140,84,47,1182
"476","Forretningsmessig tjenesteyting","Begge kjønn","15-74 år","Sysselsatte personer etter bosted","2015",83,79,222,338,32,42,135,71,47,1049
"477","Forretningsmessig tjenesteyting","Begge kjønn","15-74 år","Sysselsatte personer etter bosted","2016",70,85,202,308,35,39,148,58,36,981
"478","Forretningsmessig tjenesteyting","Begge kjønn","15-74 år","Sysselsatte personer etter bosted","2017",57,89,245,348,37,37,169,90,40,1112
"479","Forretningsmessig tjenesteyting","Begge kjønn","15-74 år","Sysselsatte personer etter bosted","2018",62,100,253,379,34,40,208,91,46,1213
"480","Forretningsmessig tjenesteyting","Begge kjønn","15-74 år","Sysselsatte personer etter bosted","2019",60,100,228,419,47,41,200,77,45,1217
"481","Forretningsmessig tjenesteyting","Begge kjønn","15-74 år","Sysselsatte personer etter bosted","2020",0,0,0,0,0,0,0,0,0,0
"482","Forretningsmessig tjenesteyting","Begge kjønn","55-66 år","Sysselsatte personer etter bosted","2008",12,13,28,41,12,5,17,21,12,161
"483","Forretningsmessig tjenesteyting","Begge kjønn","55-66 år","Sysselsatte personer etter bosted","2009",12,16,29,41,8,5,17,19,10,157
"484","Forretningsmessig tjenesteyting","Begge kjønn","55-66 år","Sysselsatte personer etter bosted","2010",16,18,30,39,7,4,20,11,8,153
"485","Forretningsmessig tjenesteyting","Begge kjønn","55-66 år","Sysselsatte personer etter bosted","2011",10,16,46,51,11,3,17,10,6,170
"486","Forretningsmessig tjenesteyting","Begge kjønn","55-66 år","Sysselsatte personer etter bosted","2012",13,19,52,53,12,3,17,10,7,186
"487","Forretningsmessig tjenesteyting","Begge kjønn","55-66 år","Sysselsatte personer etter bosted","2013",12,12,48,41,16,3,20,12,4,168
"488","Forretningsmessig tjenesteyting","Begge kjønn","55-66 år","Sysselsatte personer etter bosted","2014",15,14,49,42,11,4,18,14,6,173
"489","Forretningsmessig tjenesteyting","Begge kjønn","55-66 år","Sysselsatte personer etter bosted","2015",13,10,42,43,8,4,26,10,9,165
"490","Forretningsmessig tjenesteyting","Begge kjønn","55-66 år","Sysselsatte personer etter bosted","2016",10,18,38,26,7,6,26,8,4,143
"491","Forretningsmessig tjenesteyting","Begge kjønn","55-66 år","Sysselsatte personer etter bosted","2017",9,14,47,47,10,6,25,13,9,180
"492","Forretningsmessig tjenesteyting","Begge kjønn","55-66 år","Sysselsatte personer etter bosted","2018",10,15,48,48,11,6,38,13,9,198
"493","Forretningsmessig tjenesteyting","Begge kjønn","55-66 år","Sysselsatte personer etter bosted","2019",12,19,52,55,12,8,40,10,12,220
"494","Forretningsmessig tjenesteyting","Begge kjønn","55-66 år","Sysselsatte personer etter bosted","2020",0,0,0,0,0,0,0,0,0,0
"495","Forretningsmessig tjenesteyting","Begge kjønn","67-74 år","Sysselsatte personer etter bosted","2008",0,0,4,3,0,0,3,3,3,16
"496","Forretningsmessig tjenesteyting","Begge kjønn","67-74 år","Sysselsatte personer etter bosted","2009",0,0,7,6,0,0,0,7,0,20
"497","Forretningsmessig tjenesteyting","Begge kjønn","67-74 år","Sysselsatte personer etter bosted","2010",0,0,7,4,0,0,0,3,0,14
"498","Forretningsmessig tjenesteyting","Begge kjønn","67-74 år","Sysselsatte personer etter bosted","2011",0,0,6,6,0,3,0,3,3,21
"499","Forretningsmessig tjenesteyting","Begge kjønn","67-74 år","Sysselsatte personer etter bosted","2012",3,0,5,9,0,0,3,3,0,23
"500","Forretningsmessig tjenesteyting","Begge kjønn","67-74 år","Sysselsatte personer etter bosted","2013",3,0,6,9,0,3,0,3,3,27
"501","Forretningsmessig tjenesteyting","Begge kjønn","67-74 år","Sysselsatte personer etter bosted","2014",3,0,9,6,3,0,3,4,0,28
"502","Forretningsmessig tjenesteyting","Begge kjønn","67-74 år","Sysselsatte personer etter bosted","2015",3,0,7,5,0,0,3,0,3,21
"503","Forretningsmessig tjenesteyting","Begge kjønn","67-74 år","Sysselsatte personer etter bosted","2016",0,0,3,4,0,0,6,0,0,13
"504","Forretningsmessig tjenesteyting","Begge kjønn","67-74 år","Sysselsatte personer etter bosted","2017",0,0,3,5,0,0,3,7,0,18
"505","Forretningsmessig tjenesteyting","Begge kjønn","67-74 år","Sysselsatte personer etter bosted","2018",0,0,8,9,0,3,8,5,6,39
"506","Forretningsmessig tjenesteyting","Begge kjønn","67-74 år","Sysselsatte personer etter bosted","2019",3,0,4,10,3,3,9,7,0,39
"507","Forretningsmessig tjenesteyting","Begge kjønn","67-74 år","Sysselsatte personer etter bosted","2020",0,0,0,0,0,0,0,0,0,0
"508","Off.adm., forsvar, sosialforsikring","Begge kjønn","15-74 år","Sysselsatte personer etter bosted","2008",65,77,131,428,61,57,243,109,75,1246
"509","Off.adm., forsvar, sosialforsikring","Begge kjønn","15-74 år","Sysselsatte personer etter bosted","2009",60,81,143,349,56,65,263,119,79,1215
"510","Off.adm., forsvar, sosialforsikring","Begge kjønn","15-74 år","Sysselsatte personer etter bosted","2010",57,99,142,370,46,61,260,117,80,1232
"511","Off.adm., forsvar, sosialforsikring","Begge kjønn","15-74 år","Sysselsatte personer etter bosted","2011",61,89,156,361,56,56,287,116,81,1263
"512","Off.adm., forsvar, sosialforsikring","Begge kjønn","15-74 år","Sysselsatte personer etter bosted","2012",67,98,162,398,48,60,267,115,78,1293
"513","Off.adm., forsvar, sosialforsikring","Begge kjønn","15-74 år","Sysselsatte personer etter bosted","2013",78,100,163,384,46,62,282,112,77,1304
"514","Off.adm., forsvar, sosialforsikring","Begge kjønn","15-74 år","Sysselsatte personer etter bosted","2014",76,91,169,381,52,59,297,109,75,1309
"515","Off.adm., forsvar, sosialforsikring","Begge kjønn","15-74 år","Sysselsatte personer etter bosted","2015",75,83,164,380,49,55,273,109,67,1255
"516","Off.adm., forsvar, sosialforsikring","Begge kjønn","15-74 år","Sysselsatte personer etter bosted","2016",74,87,168,380,54,51,271,116,72,1273
"517","Off.adm., forsvar, sosialforsikring","Begge kjønn","15-74 år","Sysselsatte personer etter bosted","2017",68,95,189,387,46,60,279,104,70,1298
"518","Off.adm., forsvar, sosialforsikring","Begge kjønn","15-74 år","Sysselsatte personer etter bosted","2018",63,74,190,395,47,56,207,124,77,1233
"519","Off.adm., forsvar, sosialforsikring","Begge kjønn","15-74 år","Sysselsatte personer etter bosted","2019",70,79,197,344,37,52,225,119,78,1201
"520","Off.adm., forsvar, sosialforsikring","Begge kjønn","15-74 år","Sysselsatte personer etter bosted","2020",0,0,0,0,0,0,0,0,0,0
"521","Off.adm., forsvar, sosialforsikring","Begge kjønn","55-66 år","Sysselsatte personer etter bosted","2008",21,23,35,103,20,24,70,37,25,358
"522","Off.adm., forsvar, sosialforsikring","Begge kjønn","55-66 år","Sysselsatte personer etter bosted","2009",20,25,33,76,18,27,71,40,23,333
"523","Off.adm., forsvar, sosialforsikring","Begge kjønn","55-66 år","Sysselsatte personer etter bosted","2010",21,28,26,79,17,26,74,37,26,334
"524","Off.adm., forsvar, sosialforsikring","Begge kjønn","55-66 år","Sysselsatte personer etter bosted","2011",21,28,25,80,16,24,81,41,24,340
"525","Off.adm., forsvar, sosialforsikring","Begge kjønn","55-66 år","Sysselsatte personer etter bosted","2012",24,28,28,77,13,22,81,36,19,328
"526","Off.adm., forsvar, sosialforsikring","Begge kjønn","55-66 år","Sysselsatte personer etter bosted","2013",24,28,29,80,14,19,80,37,22,333
"527","Off.adm., forsvar, sosialforsikring","Begge kjønn","55-66 år","Sysselsatte personer etter bosted","2014",22,23,27,76,12,16,94,33,20,323
"528","Off.adm., forsvar, sosialforsikring","Begge kjønn","55-66 år","Sysselsatte personer etter bosted","2015",23,23,21,73,14,14,81,35,20,304
"529","Off.adm., forsvar, sosialforsikring","Begge kjønn","55-66 år","Sysselsatte personer etter bosted","2016",22,23,26,74,17,16,73,38,16,305
"530","Off.adm., forsvar, sosialforsikring","Begge kjønn","55-66 år","Sysselsatte personer etter bosted","2017",21,20,35,73,15,17,71,40,17,309
"531","Off.adm., forsvar, sosialforsikring","Begge kjønn","55-66 år","Sysselsatte personer etter bosted","2018",17,15,33,67,15,14,48,36,14,259
"532","Off.adm., forsvar, sosialforsikring","Begge kjønn","55-66 år","Sysselsatte personer etter bosted","2019",20,15,32,69,14,9,49,37,16,261
"533","Off.adm., forsvar, sosialforsikring","Begge kjønn","55-66 år","Sysselsatte personer etter bosted","2020",0,0,0,0,0,0,0,0,0,0
"534","Off.adm., forsvar, sosialforsikring","Begge kjønn","67-74 år","Sysselsatte personer etter bosted","2008",0,0,0,4,3,0,0,0,0,7
"535","Off.adm., forsvar, sosialforsikring","Begge kjønn","67-74 år","Sysselsatte personer etter bosted","2009",0,3,0,3,0,0,6,3,0,15
"536","Off.adm., forsvar, sosialforsikring","Begge kjønn","67-74 år","Sysselsatte personer etter bosted","2010",3,0,3,3,3,3,3,3,0,21
"537","Off.adm., forsvar, sosialforsikring","Begge kjønn","67-74 år","Sysselsatte personer etter bosted","2011",3,0,6,6,0,3,6,0,3,27
"538","Off.adm., forsvar, sosialforsikring","Begge kjønn","67-74 år","Sysselsatte personer etter bosted","2012",0,0,3,8,0,3,3,0,0,17
"539","Off.adm., forsvar, sosialforsikring","Begge kjønn","67-74 år","Sysselsatte personer etter bosted","2013",0,3,4,12,0,0,4,0,0,23
"540","Off.adm., forsvar, sosialforsikring","Begge kjønn","67-74 år","Sysselsatte personer etter bosted","2014",0,3,0,11,3,3,11,3,0,34
"541","Off.adm., forsvar, sosialforsikring","Begge kjønn","67-74 år","Sysselsatte personer etter bosted","2015",0,0,0,14,0,6,8,4,0,32
"542","Off.adm., forsvar, sosialforsikring","Begge kjønn","67-74 år","Sysselsatte personer etter bosted","2016",0,3,0,17,3,3,13,4,0,43
"543","Off.adm., forsvar, sosialforsikring","Begge kjønn","67-74 år","Sysselsatte personer etter bosted","2017",3,3,3,10,3,6,11,0,0,39
"544","Off.adm., forsvar, sosialforsikring","Begge kjønn","67-74 år","Sysselsatte personer etter bosted","2018",3,0,3,10,0,3,3,3,3,28
"545","Off.adm., forsvar, sosialforsikring","Begge kjønn","67-74 år","Sysselsatte personer etter bosted","2019",5,0,0,8,0,3,6,3,3,28
"546","Off.adm., forsvar, sosialforsikring","Begge kjønn","67-74 år","Sysselsatte personer etter bosted","2020",0,0,0,0,0,0,0,0,0,0
"547","Undervisning","Begge kjønn","15-74 år","Sysselsatte personer etter bosted","2008",156,197,397,802,118,104,489,242,125,2630
"548","Undervisning","Begge kjønn","15-74 år","Sysselsatte personer etter bosted","2009",153,195,396,815,118,110,499,246,129,2661
"549","Undervisning","Begge kjønn","15-74 år","Sysselsatte personer etter bosted","2010",152,195,436,796,131,105,513,238,136,2702
"550","Undervisning","Begge kjønn","15-74 år","Sysselsatte personer etter bosted","2011",153,198,440,811,123,100,501,229,131,2686
"551","Undervisning","Begge kjønn","15-74 år","Sysselsatte personer etter bosted","2012",167,208,442,788,113,97,497,215,126,2653
"552","Undervisning","Begge kjønn","15-74 år","Sysselsatte personer etter bosted","2013",163,211,438,817,119,91,519,225,132,2715
"553","Undervisning","Begge kjønn","15-74 år","Sysselsatte personer etter bosted","2014",174,218,451,813,115,94,509,222,122,2718
"554","Undervisning","Begge kjønn","15-74 år","Sysselsatte personer etter bosted","2015",158,215,472,802,117,93,508,245,120,2730
"555","Undervisning","Begge kjønn","15-74 år","Sysselsatte personer etter bosted","2016",159,217,475,850,113,97,489,248,132,2780
"556","Undervisning","Begge kjønn","15-74 år","Sysselsatte personer etter bosted","2017",141,227,475,834,107,99,493,243,140,2759
"557","Undervisning","Begge kjønn","15-74 år","Sysselsatte personer etter bosted","2018",140,232,459,818,110,93,481,225,137,2695
"558","Undervisning","Begge kjønn","15-74 år","Sysselsatte personer etter bosted","2019",135,220,464,809,109,90,495,227,140,2689
"559","Undervisning","Begge kjønn","15-74 år","Sysselsatte personer etter bosted","2020",0,0,0,0,0,0,0,0,0,0
"560","Undervisning","Begge kjønn","55-66 år","Sysselsatte personer etter bosted","2008",43,53,120,232,33,30,130,68,34,743
"561","Undervisning","Begge kjønn","55-66 år","Sysselsatte personer etter bosted","2009",45,51,118,227,37,32,130,67,38,745
"562","Undervisning","Begge kjønn","55-66 år","Sysselsatte personer etter bosted","2010",49,49,124,222,37,32,141,65,34,753
"563","Undervisning","Begge kjønn","55-66 år","Sysselsatte personer etter bosted","2011",50,48,120,230,37,36,151,67,32,771
"564","Undervisning","Begge kjønn","55-66 år","Sysselsatte personer etter bosted","2012",53,60,122,219,37,32,151,70,31,775
"565","Undervisning","Begge kjønn","55-66 år","Sysselsatte personer etter bosted","2013",53,53,116,228,38,30,152,66,29,765
"566","Undervisning","Begge kjønn","55-66 år","Sysselsatte personer etter bosted","2014",54,51,124,225,42,30,144,66,23,759
"567","Undervisning","Begge kjønn","55-66 år","Sysselsatte personer etter bosted","2015",51,50,124,220,41,27,134,72,24,743
"568","Undervisning","Begge kjønn","55-66 år","Sysselsatte personer etter bosted","2016",50,53,121,220,40,28,121,76,26,735
"569","Undervisning","Begge kjønn","55-66 år","Sysselsatte personer etter bosted","2017",40,49,120,208,32,30,132,74,30,715
"570","Undervisning","Begge kjønn","55-66 år","Sysselsatte personer etter bosted","2018",32,51,113,196,31,28,114,72,28,665
"571","Undervisning","Begge kjønn","55-66 år","Sysselsatte personer etter bosted","2019",29,45,113,182,28,26,108,65,30,626
"572","Undervisning","Begge kjønn","55-66 år","Sysselsatte personer etter bosted","2020",0,0,0,0,0,0,0,0,0,0
"573","Undervisning","Begge kjønn","67-74 år","Sysselsatte personer etter bosted","2008",3,3,6,19,0,0,3,7,0,41
"574","Undervisning","Begge kjønn","67-74 år","Sysselsatte personer etter bosted","2009",3,3,3,14,0,0,3,7,3,36
"575","Undervisning","Begge kjønn","67-74 år","Sysselsatte personer etter bosted","2010",0,0,3,16,3,3,7,4,3,39
"576","Undervisning","Begge kjønn","67-74 år","Sysselsatte personer etter bosted","2011",0,0,4,17,0,0,6,8,3,38
"577","Undervisning","Begge kjønn","67-74 år","Sysselsatte personer etter bosted","2012",3,0,4,16,0,0,8,0,4,35
"578","Undervisning","Begge kjønn","67-74 år","Sysselsatte personer etter bosted","2013",6,3,3,14,3,3,10,7,3,52
"579","Undervisning","Begge kjønn","67-74 år","Sysselsatte personer etter bosted","2014",9,3,7,18,4,3,10,7,3,64
"580","Undervisning","Begge kjønn","67-74 år","Sysselsatte personer etter bosted","2015",3,3,3,10,0,0,10,6,0,35
"581","Undervisning","Begge kjønn","67-74 år","Sysselsatte personer etter bosted","2016",7,3,8,16,0,3,10,7,3,57
"582","Undervisning","Begge kjønn","67-74 år","Sysselsatte personer etter bosted","2017",5,0,5,13,4,3,8,4,3,45
"583","Undervisning","Begge kjønn","67-74 år","Sysselsatte personer etter bosted","2018",6,3,3,11,4,0,3,7,0,37
"584","Undervisning","Begge kjønn","67-74 år","Sysselsatte personer etter bosted","2019",3,3,6,18,3,0,8,8,0,49
"585","Undervisning","Begge kjønn","67-74 år","Sysselsatte personer etter bosted","2020",0,0,0,0,0,0,0,0,0,0
"586","Helse- og sosialtjenester","Begge kjønn","15-74 år","Sysselsatte personer etter bosted","2008",346,547,922,1685,260,288,1517,839,287,6691
"587","Helse- og sosialtjenester","Begge kjønn","15-74 år","Sysselsatte personer etter bosted","2009",370,548,1026,1779,280,281,1500,874,300,6958
"588","Helse- og sosialtjenester","Begge kjønn","15-74 år","Sysselsatte personer etter bosted","2010",349,541,1074,1860,278,281,1499,852,316,7050
"589","Helse- og sosialtjenester","Begge kjønn","15-74 år","Sysselsatte personer etter bosted","2011",377,560,1108,1932,282,300,1553,821,310,7243
"590","Helse- og sosialtjenester","Begge kjønn","15-74 år","Sysselsatte personer etter bosted","2012",372,592,1109,1909,296,291,1542,886,312,7309
"591","Helse- og sosialtjenester","Begge kjønn","15-74 år","Sysselsatte personer etter bosted","2013",380,590,1107,1909,295,288,1481,856,318,7224
"592","Helse- og sosialtjenester","Begge kjønn","15-74 år","Sysselsatte personer etter bosted","2014",390,572,1131,1885,291,273,1482,849,350,7223
"593","Helse- og sosialtjenester","Begge kjønn","15-74 år","Sysselsatte personer etter bosted","2015",383,578,1086,1944,277,278,1546,816,358,7266
"594","Helse- og sosialtjenester","Begge kjønn","15-74 år","Sysselsatte personer etter bosted","2016",375,611,1074,2036,291,292,1594,853,324,7450
"595","Helse- og sosialtjenester","Begge kjønn","15-74 år","Sysselsatte personer etter bosted","2017",376,611,1089,2055,308,286,1526,858,334,7443
"596","Helse- og sosialtjenester","Begge kjønn","15-74 år","Sysselsatte personer etter bosted","2018",379,606,1094,2085,308,296,1531,794,329,7422
"597","Helse- og sosialtjenester","Begge kjønn","15-74 år","Sysselsatte personer etter bosted","2019",391,623,1116,2066,318,298,1580,807,345,7544
"598","Helse- og sosialtjenester","Begge kjønn","15-74 år","Sysselsatte personer etter bosted","2020",0,0,0,0,0,0,0,0,0,0
"599","Helse- og sosialtjenester","Begge kjønn","55-66 år","Sysselsatte personer etter bosted","2008",71,115,195,339,56,88,299,149,62,1374
"600","Helse- og sosialtjenester","Begge kjønn","55-66 år","Sysselsatte personer etter bosted","2009",78,120,206,326,66,80,316,162,63,1417
"601","Helse- og sosialtjenester","Begge kjønn","55-66 år","Sysselsatte personer etter bosted","2010",72,126,235,331,68,87,330,161,63,1473
"602","Helse- og sosialtjenester","Begge kjønn","55-66 år","Sysselsatte personer etter bosted","2011",81,134,235,346,73,85,340,164,60,1518
"603","Helse- og sosialtjenester","Begge kjønn","55-66 år","Sysselsatte personer etter bosted","2012",83,144,238,356,78,82,354,171,64,1570
"604","Helse- og sosialtjenester","Begge kjønn","55-66 år","Sysselsatte personer etter bosted","2013",79,142,236,347,71,82,350,184,72,1563
"605","Helse- og sosialtjenester","Begge kjønn","55-66 år","Sysselsatte personer etter bosted","2014",84,136,246,345,79,80,341,186,86,1583
"606","Helse- og sosialtjenester","Begge kjønn","55-66 år","Sysselsatte personer etter bosted","2015",83,137,234,364,81,75,345,191,91,1601
"607","Helse- og sosialtjenester","Begge kjønn","55-66 år","Sysselsatte personer etter bosted","2016",84,144,220,364,78,67,349,184,84,1574
"608","Helse- og sosialtjenester","Begge kjønn","55-66 år","Sysselsatte personer etter bosted","2017",78,127,228,368,88,64,337,197,85,1572
"609","Helse- og sosialtjenester","Begge kjønn","55-66 år","Sysselsatte personer etter bosted","2018",75,112,213,363,82,61,340,191,89,1526
"610","Helse- og sosialtjenester","Begge kjønn","55-66 år","Sysselsatte personer etter bosted","2019",88,111,217,367,77,66,342,197,88,1553
"611","Helse- og sosialtjenester","Begge kjønn","55-66 år","Sysselsatte personer etter bosted","2020",0,0,0,0,0,0,0,0,0,0
"612","Helse- og sosialtjenester","Begge kjønn","67-74 år","Sysselsatte personer etter bosted","2008",12,5,11,31,0,3,30,24,13,129
"613","Helse- og sosialtjenester","Begge kjønn","67-74 år","Sysselsatte personer etter bosted","2009",14,7,13,41,3,5,38,28,9,158
"614","Helse- og sosialtjenester","Begge kjønn","67-74 år","Sysselsatte personer etter bosted","2010",15,8,12,45,3,4,30,31,11,159
"615","Helse- og sosialtjenester","Begge kjønn","67-74 år","Sysselsatte personer etter bosted","2011",13,6,23,57,3,7,35,26,9,179
"616","Helse- og sosialtjenester","Begge kjønn","67-74 år","Sysselsatte personer etter bosted","2012",14,6,23,48,3,7,32,29,10,172
"617","Helse- og sosialtjenester","Begge kjønn","67-74 år","Sysselsatte personer etter bosted","2013",9,15,27,42,3,7,36,26,9,174
"618","Helse- og sosialtjenester","Begge kjønn","67-74 år","Sysselsatte personer etter bosted","2014",5,7,17,37,0,3,29,21,12,131
"619","Helse- og sosialtjenester","Begge kjønn","67-74 år","Sysselsatte personer etter bosted","2015",9,15,34,34,3,5,43,16,11,170
"620","Helse- og sosialtjenester","Begge kjønn","67-74 år","Sysselsatte personer etter bosted","2016",5,13,29,50,5,13,41,23,7,186
"621","Helse- og sosialtjenester","Begge kjønn","67-74 år","Sysselsatte personer etter bosted","2017",8,18,26,49,6,12,48,22,13,202
"622","Helse- og sosialtjenester","Begge kjønn","67-74 år","Sysselsatte personer etter bosted","2018",8,17,27,52,5,15,47,18,12,201
"623","Helse- og sosialtjenester","Begge kjønn","67-74 år","Sysselsatte personer etter bosted","2019",11,21,26,47,8,11,56,23,16,219
"624","Helse- og sosialtjenester","Begge kjønn","67-74 år","Sysselsatte personer etter bosted","2020",0,0,0,0,0,0,0,0,0,0
"625","Personlig tjenesteyting","Begge kjønn","15-74 år","Sysselsatte personer etter bosted","2008",34,78,162,213,26,30,182,115,55,895
"626","Personlig tjenesteyting","Begge kjønn","15-74 år","Sysselsatte personer etter bosted","2009",33,78,148,188,21,26,164,98,56,812
"627","Personlig tjenesteyting","Begge kjønn","15-74 år","Sysselsatte personer etter bosted","2010",30,77,137,201,29,27,167,92,47,807
"628","Personlig tjenesteyting","Begge kjønn","15-74 år","Sysselsatte personer etter bosted","2011",40,79,129,202,32,23,174,87,51,817
"629","Personlig tjenesteyting","Begge kjønn","15-74 år","Sysselsatte personer etter bosted","2012",34,79,126,194,37,25,160,92,51,798
"630","Personlig tjenesteyting","Begge kjønn","15-74 år","Sysselsatte personer etter bosted","2013",41,76,128,204,34,28,149,88,51,799
"631","Personlig tjenesteyting","Begge kjønn","15-74 år","Sysselsatte personer etter bosted","2014",41,79,142,197,31,24,156,86,52,808
"632","Personlig tjenesteyting","Begge kjønn","15-74 år","Sysselsatte personer etter bosted","2015",45,81,143,208,35,26,152,86,42,818
"633","Personlig tjenesteyting","Begge kjønn","15-74 år","Sysselsatte personer etter bosted","2016",40,82,154,194,34,26,145,83,45,803
"634","Personlig tjenesteyting","Begge kjønn","15-74 år","Sysselsatte personer etter bosted","2017",40,87,165,211,27,32,153,79,50,844
"635","Personlig tjenesteyting","Begge kjønn","15-74 år","Sysselsatte personer etter bosted","2018",33,87,154,207,27,27,156,79,53,823
"636","Personlig tjenesteyting","Begge kjønn","15-74 år","Sysselsatte personer etter bosted","2019",36,83,163,224,23,39,157,71,56,852
"637","Personlig tjenesteyting","Begge kjønn","15-74 år","Sysselsatte personer etter bosted","2020",0,0,0,0,0,0,0,0,0,0
"638","Personlig tjenesteyting","Begge kjønn","55-66 år","Sysselsatte personer etter bosted","2008",6,11,26,28,6,5,26,20,6,134
"639","Personlig tjenesteyting","Begge kjønn","55-66 år","Sysselsatte personer etter bosted","2009",7,12,26,30,6,5,27,19,8,140
"640","Personlig tjenesteyting","Begge kjønn","55-66 år","Sysselsatte personer etter bosted","2010",8,12,28,29,8,8,29,19,5,146
"641","Personlig tjenesteyting","Begge kjønn","55-66 år","Sysselsatte personer etter bosted","2011",10,18,28,41,6,6,28,18,11,166
"642","Personlig tjenesteyting","Begge kjønn","55-66 år","Sysselsatte personer etter bosted","2012",6,16,26,39,9,8,33,17,12,166
"643","Personlig tjenesteyting","Begge kjønn","55-66 år","Sysselsatte personer etter bosted","2013",10,15,30,38,7,9,34,17,15,175
"644","Personlig tjenesteyting","Begge kjønn","55-66 år","Sysselsatte personer etter bosted","2014",7,19,30,39,6,11,41,17,17,187
"645","Personlig tjenesteyting","Begge kjønn","55-66 år","Sysselsatte personer etter bosted","2015",9,15,26,38,7,7,34,14,17,167
"646","Personlig tjenesteyting","Begge kjønn","55-66 år","Sysselsatte personer etter bosted","2016",13,18,31,34,4,7,33,15,17,172
"647","Personlig tjenesteyting","Begge kjønn","55-66 år","Sysselsatte personer etter bosted","2017",11,21,34,36,0,8,37,14,17,178
"648","Personlig tjenesteyting","Begge kjønn","55-66 år","Sysselsatte personer etter bosted","2018",5,23,25,48,3,7,41,16,16,184
"649","Personlig tjenesteyting","Begge kjønn","55-66 år","Sysselsatte personer etter bosted","2019",5,17,26,51,3,10,42,11,18,183
"650","Personlig tjenesteyting","Begge kjønn","55-66 år","Sysselsatte personer etter bosted","2020",0,0,0,0,0,0,0,0,0,0
"651","Personlig tjenesteyting","Begge kjønn","67-74 år","Sysselsatte personer etter bosted","2008",0,3,4,3,0,3,11,3,0,27
"652","Personlig tjenesteyting","Begge kjønn","67-74 år","Sysselsatte personer etter bosted","2009",0,3,6,3,0,3,14,3,3,35
"653","Personlig tjenesteyting","Begge kjønn","67-74 år","Sysselsatte personer etter bosted","2010",0,3,3,6,0,3,12,3,0,30
"654","Personlig tjenesteyting","Begge kjønn","67-74 år","Sysselsatte personer etter bosted","2011",0,3,3,11,3,6,10,6,0,42
"655","Personlig tjenesteyting","Begge kjønn","67-74 år","Sysselsatte personer etter bosted","2012",0,3,3,7,3,0,11,3,3,33
"656","Personlig tjenesteyting","Begge kjønn","67-74 år","Sysselsatte personer etter bosted","2013",0,3,3,10,3,0,11,3,3,36
"657","Personlig tjenesteyting","Begge kjønn","67-74 år","Sysselsatte personer etter bosted","2014",3,3,12,14,3,0,14,3,0,52
"658","Personlig tjenesteyting","Begge kjønn","67-74 år","Sysselsatte personer etter bosted","2015",0,3,14,8,3,0,12,3,0,43
"659","Personlig tjenesteyting","Begge kjønn","67-74 år","Sysselsatte personer etter bosted","2016",0,3,6,8,6,0,11,3,3,40
"660","Personlig tjenesteyting","Begge kjønn","67-74 år","Sysselsatte personer etter bosted","2017",3,3,11,11,3,0,11,3,0,45
"661","Personlig tjenesteyting","Begge kjønn","67-74 år","Sysselsatte personer etter bosted","2018",3,0,10,10,0,0,11,3,4,41
"662","Personlig tjenesteyting","Begge kjønn","67-74 år","Sysselsatte personer etter bosted","2019",3,4,9,12,0,0,13,3,6,50
"663","Personlig tjenesteyting","Begge kjønn","67-74 år","Sysselsatte personer etter bosted","2020",0,0,0,0,0,0,0,0,0,0
"664","Uoppgitt","Begge kjønn","15-74 år","Sysselsatte personer etter bosted","2008",17,15,33,25,10,9,33,15,10,167
"665","Uoppgitt","Begge kjønn","15-74 år","Sysselsatte personer etter bosted","2009",16,6,26,28,7,9,32,13,13,150
"666","Uoppgitt","Begge kjønn","15-74 år","Sysselsatte personer etter bosted","2010",19,21,27,33,12,9,40,17,19,197
"667","Uoppgitt","Begge kjønn","15-74 år","Sysselsatte personer etter bosted","2011",16,19,33,26,14,6,29,9,13,165
"668","Uoppgitt","Begge kjønn","15-74 år","Sysselsatte personer etter bosted","2012",13,17,30,25,9,9,27,16,11,157
"669","Uoppgitt","Begge kjønn","15-74 år","Sysselsatte personer etter bosted","2013",14,21,22,30,6,9,34,12,12,160
"670","Uoppgitt","Begge kjønn","15-74 år","Sysselsatte personer etter bosted","2014",14,16,16,37,6,9,25,12,9,144
"671","Uoppgitt","Begge kjønn","15-74 år","Sysselsatte personer etter bosted","2015",17,28,45,84,18,16,65,23,17,313
"672","Uoppgitt","Begge kjønn","15-74 år","Sysselsatte personer etter bosted","2016",23,31,27,72,16,6,69,23,17,284
"673","Uoppgitt","Begge kjønn","15-74 år","Sysselsatte personer etter bosted","2017",20,19,36,57,12,12,55,14,14,239
"674","Uoppgitt","Begge kjønn","15-74 år","Sysselsatte personer etter bosted","2018",18,24,28,46,9,13,53,18,22,231
"675","Uoppgitt","Begge kjønn","15-74 år","Sysselsatte personer etter bosted","2019",17,28,31,54,12,12,50,10,14,228
"676","Uoppgitt","Begge kjønn","15-74 år","Sysselsatte personer etter bosted","2020",0,0,0,0,0,0,0,0,0,0
"677","Uoppgitt","Begge kjønn","55-66 år","Sysselsatte personer etter bosted","2008",3,3,9,9,4,0,9,5,7,49
"678","Uoppgitt","Begge kjønn","55-66 år","Sysselsatte personer etter bosted","2009",4,3,8,7,4,0,7,4,7,44
"679","Uoppgitt","Begge kjønn","55-66 år","Sysselsatte personer etter bosted","2010",5,4,9,14,3,3,12,5,5,60
"680","Uoppgitt","Begge kjønn","55-66 år","Sysselsatte personer etter bosted","2011",7,3,10,14,3,3,13,6,3,62
"681","Uoppgitt","Begge kjønn","55-66 år","Sysselsatte personer etter bosted","2012",4,3,9,15,0,0,11,6,8,56
"682","Uoppgitt","Begge kjønn","55-66 år","Sysselsatte personer etter bosted","2013",8,6,12,12,0,3,10,3,3,57
"683","Uoppgitt","Begge kjønn","55-66 år","Sysselsatte personer etter bosted","2014",8,4,7,13,6,6,7,3,3,57
"684","Uoppgitt","Begge kjønn","55-66 år","Sysselsatte personer etter bosted","2015",6,7,15,25,9,5,24,8,4,103
"685","Uoppgitt","Begge kjønn","55-66 år","Sysselsatte personer etter bosted","2016",6,7,8,20,4,3,27,7,3,85
"686","Uoppgitt","Begge kjønn","55-66 år","Sysselsatte personer etter bosted","2017",7,3,8,16,3,3,15,8,3,66
"687","Uoppgitt","Begge kjønn","55-66 år","Sysselsatte personer etter bosted","2018",6,3,9,15,3,3,14,8,8,69
"688","Uoppgitt","Begge kjønn","55-66 år","Sysselsatte personer etter bosted","2019",8,5,8,13,6,3,17,4,3,67
"689","Uoppgitt","Begge kjønn","55-66 år","Sysselsatte personer etter bosted","2020",0,0,0,0,0,0,0,0,0,0
"690","Uoppgitt","Begge kjønn","67-74 år","Sysselsatte personer etter bosted","2008",0,3,4,0,3,3,3,0,0,16
"691","Uoppgitt","Begge kjønn","67-74 år","Sysselsatte personer etter bosted","2009",3,0,3,6,0,3,6,0,3,24
"692","Uoppgitt","Begge kjønn","67-74 år","Sysselsatte personer etter bosted","2010",3,3,3,6,3,3,3,3,3,30
"693","Uoppgitt","Begge kjønn","67-74 år","Sysselsatte personer etter bosted","2011",0,3,4,3,3,0,3,0,3,19
"694","Uoppgitt","Begge kjønn","67-74 år","Sysselsatte personer etter bosted","2012",3,3,8,0,3,3,3,7,0,30
"695","Uoppgitt","Begge kjønn","67-74 år","Sysselsatte personer etter bosted","2013",3,3,4,6,3,3,7,6,3,38
"696","Uoppgitt","Begge kjønn","67-74 år","Sysselsatte personer etter bosted","2014",0,3,3,9,0,3,6,3,3,30
"697","Uoppgitt","Begge kjønn","67-74 år","Sysselsatte personer etter bosted","2015",4,3,10,25,3,8,16,9,10,88
"698","Uoppgitt","Begge kjønn","67-74 år","Sysselsatte personer etter bosted","2016",7,4,7,20,6,3,14,6,11,78
"699","Uoppgitt","Begge kjønn","67-74 år","Sysselsatte personer etter bosted","2017",3,3,11,17,6,6,16,3,8,73
"700","Uoppgitt","Begge kjønn","67-74 år","Sysselsatte personer etter bosted","2018",3,3,7,14,3,7,17,4,11,69
"701","Uoppgitt","Begge kjønn","67-74 år","Sysselsatte personer etter bosted","2019",0,6,6,12,3,6,17,3,7,60
"702","Uoppgitt","Begge kjønn","67-74 år","Sysselsatte personer etter bosted","2020",0,0,0,0,0,0,0,0,0,0
