Naering,Kjonn,Alder,ContentsCode,Aar,Etne,Sveio,Boemlo,Stord,Fitjar,Tysnes,Kvinnherad,Odda+Ullensvang
00-99,0,15-74,SysselsatteArb,2008,0,0,0,0,0,0,0,0
00-99,0,15-74,SysselsatteArb,2009,0,0,0,0,0,0,0,0
00-99,0,15-74,SysselsatteArb,2010,0,0,0,0,0,0,0,0
00-99,0,15-74,SysselsatteArb,2011,0,0,0,0,0,0,0,0
00-99,0,15-74,SysselsatteArb,2012,0,0,0,0,0,0,0,0
00-99,0,15-74,SysselsatteArb,2013,0,0,0,0,0,0,0,0
00-99,0,15-74,SysselsatteArb,2014,0,0,0,0,0,0,0,0
00-99,0,15-74,SysselsatteArb,2015,0,0,0,0,0,0,0,0
00-99,0,15-74,SysselsatteArb,2016,0,0,0,0,0,0,0,0
00-99,0,15-74,SysselsatteArb,2017,0,0,0,0,0,0,0,0
00-99,0,15-74,SysselsatteArb,2018,0,0,0,0,0,0,0,0
00-99,0,15-74,SysselsatteArb,2019,0,0,0,0,0,0,0,0
00-99,0,15-74,SysselsatteArb,2020,1613,1494,4890,9301,1085,1188,5808,5291
00-99,0,55-66,SysselsatteArb,2008,0,0,0,0,0,0,0,0
00-99,0,55-66,SysselsatteArb,2009,0,0,0,0,0,0,0,0
00-99,0,55-66,SysselsatteArb,2010,0,0,0,0,0,0,0,0
00-99,0,55-66,SysselsatteArb,2011,0,0,0,0,0,0,0,0
00-99,0,55-66,SysselsatteArb,2012,0,0,0,0,0,0,0,0
00-99,0,55-66,SysselsatteArb,2013,0,0,0,0,0,0,0,0
00-99,0,55-66,SysselsatteArb,2014,0,0,0,0,0,0,0,0
00-99,0,55-66,SysselsatteArb,2015,0,0,0,0,0,0,0,0
00-99,0,55-66,SysselsatteArb,2016,0,0,0,0,0,0,0,0
00-99,0,55-66,SysselsatteArb,2017,0,0,0,0,0,0,0,0
00-99,0,55-66,SysselsatteArb,2018,0,0,0,0,0,0,0,0
00-99,0,55-66,SysselsatteArb,2019,0,0,0,0,0,0,0,0
00-99,0,55-66,SysselsatteArb,2020,337,267,910,1902,216,244,1229,1289
00-99,0,67-74,SysselsatteArb,2008,0,0,0,0,0,0,0,0
00-99,0,67-74,SysselsatteArb,2009,0,0,0,0,0,0,0,0
00-99,0,67-74,SysselsatteArb,2010,0,0,0,0,0,0,0,0
00-99,0,67-74,SysselsatteArb,2011,0,0,0,0,0,0,0,0
00-99,0,67-74,SysselsatteArb,2012,0,0,0,0,0,0,0,0
00-99,0,67-74,SysselsatteArb,2013,0,0,0,0,0,0,0,0
00-99,0,67-74,SysselsatteArb,2014,0,0,0,0,0,0,0,0
00-99,0,67-74,SysselsatteArb,2015,0,0,0,0,0,0,0,0
00-99,0,67-74,SysselsatteArb,2016,0,0,0,0,0,0,0,0
00-99,0,67-74,SysselsatteArb,2017,0,0,0,0,0,0,0,0
00-99,0,67-74,SysselsatteArb,2018,0,0,0,0,0,0,0,0
00-99,0,67-74,SysselsatteArb,2019,0,0,0,0,0,0,0,0
00-99,0,67-74,SysselsatteArb,2020,72,74,154,222,46,77,235,238
01-03,0,15-74,SysselsatteArb,2008,0,0,0,0,0,0,0,0
01-03,0,15-74,SysselsatteArb,2009,0,0,0,0,0,0,0,0
01-03,0,15-74,SysselsatteArb,2010,0,0,0,0,0,0,0,0
01-03,0,15-74,SysselsatteArb,2011,0,0,0,0,0,0,0,0
01-03,0,15-74,SysselsatteArb,2012,0,0,0,0,0,0,0,0
01-03,0,15-74,SysselsatteArb,2013,0,0,0,0,0,0,0,0
01-03,0,15-74,SysselsatteArb,2014,0,0,0,0,0,0,0,0
01-03,0,15-74,SysselsatteArb,2015,0,0,0,0,0,0,0,0
01-03,0,15-74,SysselsatteArb,2016,0,0,0,0,0,0,0,0
01-03,0,15-74,SysselsatteArb,2017,0,0,0,0,0,0,0,0
01-03,0,15-74,SysselsatteArb,2018,0,0,0,0,0,0,0,0
01-03,0,15-74,SysselsatteArb,2019,0,0,0,0,0,0,0,0
01-03,0,15-74,SysselsatteArb,2020,172,180,340,38,122,231,416,219
01-03,0,55-66,SysselsatteArb,2008,0,0,0,0,0,0,0,0
01-03,0,55-66,SysselsatteArb,2009,0,0,0,0,0,0,0,0
01-03,0,55-66,SysselsatteArb,2010,0,0,0,0,0,0,0,0
01-03,0,55-66,SysselsatteArb,2011,0,0,0,0,0,0,0,0
01-03,0,55-66,SysselsatteArb,2012,0,0,0,0,0,0,0,0
01-03,0,55-66,SysselsatteArb,2013,0,0,0,0,0,0,0,0
01-03,0,55-66,SysselsatteArb,2014,0,0,0,0,0,0,0,0
01-03,0,55-66,SysselsatteArb,2015,0,0,0,0,0,0,0,0
01-03,0,55-66,SysselsatteArb,2016,0,0,0,0,0,0,0,0
01-03,0,55-66,SysselsatteArb,2017,0,0,0,0,0,0,0,0
01-03,0,55-66,SysselsatteArb,2018,0,0,0,0,0,0,0,0
01-03,0,55-66,SysselsatteArb,2019,0,0,0,0,0,0,0,0
01-03,0,55-66,SysselsatteArb,2020,40,33,57,10,18,48,81,62
01-03,0,67-74,SysselsatteArb,2008,0,0,0,0,0,0,0,0
01-03,0,67-74,SysselsatteArb,2009,0,0,0,0,0,0,0,0
01-03,0,67-74,SysselsatteArb,2010,0,0,0,0,0,0,0,0
01-03,0,67-74,SysselsatteArb,2011,0,0,0,0,0,0,0,0
01-03,0,67-74,SysselsatteArb,2012,0,0,0,0,0,0,0,0
01-03,0,67-74,SysselsatteArb,2013,0,0,0,0,0,0,0,0
01-03,0,67-74,SysselsatteArb,2014,0,0,0,0,0,0,0,0
01-03,0,67-74,SysselsatteArb,2015,0,0,0,0,0,0,0,0
01-03,0,67-74,SysselsatteArb,2016,0,0,0,0,0,0,0,0
01-03,0,67-74,SysselsatteArb,2017,0,0,0,0,0,0,0,0
01-03,0,67-74,SysselsatteArb,2018,0,0,0,0,0,0,0,0
01-03,0,67-74,SysselsatteArb,2019,0,0,0,0,0,0,0,0
01-03,0,67-74,SysselsatteArb,2020,18,21,34,10,9,25,52,46
05-09,0,15-74,SysselsatteArb,2008,0,0,0,0,0,0,0,0
05-09,0,15-74,SysselsatteArb,2009,0,0,0,0,0,0,0,0
05-09,0,15-74,SysselsatteArb,2010,0,0,0,0,0,0,0,0
05-09,0,15-74,SysselsatteArb,2011,0,0,0,0,0,0,0,0
05-09,0,15-74,SysselsatteArb,2012,0,0,0,0,0,0,0,0
05-09,0,15-74,SysselsatteArb,2013,0,0,0,0,0,0,0,0
05-09,0,15-74,SysselsatteArb,2014,0,0,0,0,0,0,0,0
05-09,0,15-74,SysselsatteArb,2015,0,0,0,0,0,0,0,0
05-09,0,15-74,SysselsatteArb,2016,0,0,0,0,0,0,0,0
05-09,0,15-74,SysselsatteArb,2017,0,0,0,0,0,0,0,0
05-09,0,15-74,SysselsatteArb,2018,0,0,0,0,0,0,0,0
05-09,0,15-74,SysselsatteArb,2019,0,0,0,0,0,0,0,0
05-09,0,15-74,SysselsatteArb,2020,13,0,0,0,NA,0,NA,6
05-09,0,55-66,SysselsatteArb,2008,0,0,0,0,0,0,0,0
05-09,0,55-66,SysselsatteArb,2009,0,0,0,0,0,0,0,0
05-09,0,55-66,SysselsatteArb,2010,0,0,0,0,0,0,0,0
05-09,0,55-66,SysselsatteArb,2011,0,0,0,0,0,0,0,0
05-09,0,55-66,SysselsatteArb,2012,0,0,0,0,0,0,0,0
05-09,0,55-66,SysselsatteArb,2013,0,0,0,0,0,0,0,0
05-09,0,55-66,SysselsatteArb,2014,0,0,0,0,0,0,0,0
05-09,0,55-66,SysselsatteArb,2015,0,0,0,0,0,0,0,0
05-09,0,55-66,SysselsatteArb,2016,0,0,0,0,0,0,0,0
05-09,0,55-66,SysselsatteArb,2017,0,0,0,0,0,0,0,0
05-09,0,55-66,SysselsatteArb,2018,0,0,0,0,0,0,0,0
05-09,0,55-66,SysselsatteArb,2019,0,0,0,0,0,0,0,0
05-09,0,55-66,SysselsatteArb,2020,0,0,0,0,NA,0,NA,0
05-09,0,67-74,SysselsatteArb,2008,0,0,0,0,0,0,0,0
05-09,0,67-74,SysselsatteArb,2009,0,0,0,0,0,0,0,0
05-09,0,67-74,SysselsatteArb,2010,0,0,0,0,0,0,0,0
05-09,0,67-74,SysselsatteArb,2011,0,0,0,0,0,0,0,0
05-09,0,67-74,SysselsatteArb,2012,0,0,0,0,0,0,0,0
05-09,0,67-74,SysselsatteArb,2013,0,0,0,0,0,0,0,0
05-09,0,67-74,SysselsatteArb,2014,0,0,0,0,0,0,0,0
05-09,0,67-74,SysselsatteArb,2015,0,0,0,0,0,0,0,0
05-09,0,67-74,SysselsatteArb,2016,0,0,0,0,0,0,0,0
05-09,0,67-74,SysselsatteArb,2017,0,0,0,0,0,0,0,0
05-09,0,67-74,SysselsatteArb,2018,0,0,0,0,0,0,0,0
05-09,0,67-74,SysselsatteArb,2019,0,0,0,0,0,0,0,0
05-09,0,67-74,SysselsatteArb,2020,3,0,0,0,NA,0,NA,0
10-33,0,15-74,SysselsatteArb,2008,0,0,0,0,0,0,0,0
10-33,0,15-74,SysselsatteArb,2009,0,0,0,0,0,0,0,0
10-33,0,15-74,SysselsatteArb,2010,0,0,0,0,0,0,0,0
10-33,0,15-74,SysselsatteArb,2011,0,0,0,0,0,0,0,0
10-33,0,15-74,SysselsatteArb,2012,0,0,0,0,0,0,0,0
10-33,0,15-74,SysselsatteArb,2013,0,0,0,0,0,0,0,0
10-33,0,15-74,SysselsatteArb,2014,0,0,0,0,0,0,0,0
10-33,0,15-74,SysselsatteArb,2015,0,0,0,0,0,0,0,0
10-33,0,15-74,SysselsatteArb,2016,0,0,0,0,0,0,0,0
10-33,0,15-74,SysselsatteArb,2017,0,0,0,0,0,0,0,0
10-33,0,15-74,SysselsatteArb,2018,0,0,0,0,0,0,0,0
10-33,0,15-74,SysselsatteArb,2019,0,0,0,0,0,0,0,0
10-33,0,15-74,SysselsatteArb,2020,177,48,1101,2330,141,49,1012,984
10-33,0,55-66,SysselsatteArb,2008,0,0,0,0,0,0,0,0
10-33,0,55-66,SysselsatteArb,2009,0,0,0,0,0,0,0,0
10-33,0,55-66,SysselsatteArb,2010,0,0,0,0,0,0,0,0
10-33,0,55-66,SysselsatteArb,2011,0,0,0,0,0,0,0,0
10-33,0,55-66,SysselsatteArb,2012,0,0,0,0,0,0,0,0
10-33,0,55-66,SysselsatteArb,2013,0,0,0,0,0,0,0,0
10-33,0,55-66,SysselsatteArb,2014,0,0,0,0,0,0,0,0
10-33,0,55-66,SysselsatteArb,2015,0,0,0,0,0,0,0,0
10-33,0,55-66,SysselsatteArb,2016,0,0,0,0,0,0,0,0
10-33,0,55-66,SysselsatteArb,2017,0,0,0,0,0,0,0,0
10-33,0,55-66,SysselsatteArb,2018,0,0,0,0,0,0,0,0
10-33,0,55-66,SysselsatteArb,2019,0,0,0,0,0,0,0,0
10-33,0,55-66,SysselsatteArb,2020,32,14,196,624,29,7,232,240
10-33,0,67-74,SysselsatteArb,2008,0,0,0,0,0,0,0,0
10-33,0,67-74,SysselsatteArb,2009,0,0,0,0,0,0,0,0
10-33,0,67-74,SysselsatteArb,2010,0,0,0,0,0,0,0,0
10-33,0,67-74,SysselsatteArb,2011,0,0,0,0,0,0,0,0
10-33,0,67-74,SysselsatteArb,2012,0,0,0,0,0,0,0,0
10-33,0,67-74,SysselsatteArb,2013,0,0,0,0,0,0,0,0
10-33,0,67-74,SysselsatteArb,2014,0,0,0,0,0,0,0,0
10-33,0,67-74,SysselsatteArb,2015,0,0,0,0,0,0,0,0
10-33,0,67-74,SysselsatteArb,2016,0,0,0,0,0,0,0,0
10-33,0,67-74,SysselsatteArb,2017,0,0,0,0,0,0,0,0
10-33,0,67-74,SysselsatteArb,2018,0,0,0,0,0,0,0,0
10-33,0,67-74,SysselsatteArb,2019,0,0,0,0,0,0,0,0
10-33,0,67-74,SysselsatteArb,2020,4,0,21,21,0,3,21,13
35-39,0,15-74,SysselsatteArb,2008,0,0,0,0,0,0,0,0
35-39,0,15-74,SysselsatteArb,2009,0,0,0,0,0,0,0,0
35-39,0,15-74,SysselsatteArb,2010,0,0,0,0,0,0,0,0
35-39,0,15-74,SysselsatteArb,2011,0,0,0,0,0,0,0,0
35-39,0,15-74,SysselsatteArb,2012,0,0,0,0,0,0,0,0
35-39,0,15-74,SysselsatteArb,2013,0,0,0,0,0,0,0,0
35-39,0,15-74,SysselsatteArb,2014,0,0,0,0,0,0,0,0
35-39,0,15-74,SysselsatteArb,2015,0,0,0,0,0,0,0,0
35-39,0,15-74,SysselsatteArb,2016,0,0,0,0,0,0,0,0
35-39,0,15-74,SysselsatteArb,2017,0,0,0,0,0,0,0,0
35-39,0,15-74,SysselsatteArb,2018,0,0,0,0,0,0,0,0
35-39,0,15-74,SysselsatteArb,2019,0,0,0,0,0,0,0,0
35-39,0,15-74,SysselsatteArb,2020,21,3,49,172,15,17,106,126
35-39,0,55-66,SysselsatteArb,2008,0,0,0,0,0,0,0,0
35-39,0,55-66,SysselsatteArb,2009,0,0,0,0,0,0,0,0
35-39,0,55-66,SysselsatteArb,2010,0,0,0,0,0,0,0,0
35-39,0,55-66,SysselsatteArb,2011,0,0,0,0,0,0,0,0
35-39,0,55-66,SysselsatteArb,2012,0,0,0,0,0,0,0,0
35-39,0,55-66,SysselsatteArb,2013,0,0,0,0,0,0,0,0
35-39,0,55-66,SysselsatteArb,2014,0,0,0,0,0,0,0,0
35-39,0,55-66,SysselsatteArb,2015,0,0,0,0,0,0,0,0
35-39,0,55-66,SysselsatteArb,2016,0,0,0,0,0,0,0,0
35-39,0,55-66,SysselsatteArb,2017,0,0,0,0,0,0,0,0
35-39,0,55-66,SysselsatteArb,2018,0,0,0,0,0,0,0,0
35-39,0,55-66,SysselsatteArb,2019,0,0,0,0,0,0,0,0
35-39,0,55-66,SysselsatteArb,2020,3,0,13,32,3,3,33,41
35-39,0,67-74,SysselsatteArb,2008,0,0,0,0,0,0,0,0
35-39,0,67-74,SysselsatteArb,2009,0,0,0,0,0,0,0,0
35-39,0,67-74,SysselsatteArb,2010,0,0,0,0,0,0,0,0
35-39,0,67-74,SysselsatteArb,2011,0,0,0,0,0,0,0,0
35-39,0,67-74,SysselsatteArb,2012,0,0,0,0,0,0,0,0
35-39,0,67-74,SysselsatteArb,2013,0,0,0,0,0,0,0,0
35-39,0,67-74,SysselsatteArb,2014,0,0,0,0,0,0,0,0
35-39,0,67-74,SysselsatteArb,2015,0,0,0,0,0,0,0,0
35-39,0,67-74,SysselsatteArb,2016,0,0,0,0,0,0,0,0
35-39,0,67-74,SysselsatteArb,2017,0,0,0,0,0,0,0,0
35-39,0,67-74,SysselsatteArb,2018,0,0,0,0,0,0,0,0
35-39,0,67-74,SysselsatteArb,2019,0,0,0,0,0,0,0,0
35-39,0,67-74,SysselsatteArb,2020,0,0,0,8,0,3,3,0
41-43,0,15-74,SysselsatteArb,2008,0,0,0,0,0,0,0,0
41-43,0,15-74,SysselsatteArb,2009,0,0,0,0,0,0,0,0
41-43,0,15-74,SysselsatteArb,2010,0,0,0,0,0,0,0,0
41-43,0,15-74,SysselsatteArb,2011,0,0,0,0,0,0,0,0
41-43,0,15-74,SysselsatteArb,2012,0,0,0,0,0,0,0,0
41-43,0,15-74,SysselsatteArb,2013,0,0,0,0,0,0,0,0
41-43,0,15-74,SysselsatteArb,2014,0,0,0,0,0,0,0,0
41-43,0,15-74,SysselsatteArb,2015,0,0,0,0,0,0,0,0
41-43,0,15-74,SysselsatteArb,2016,0,0,0,0,0,0,0,0
41-43,0,15-74,SysselsatteArb,2017,0,0,0,0,0,0,0,0
41-43,0,15-74,SysselsatteArb,2018,0,0,0,0,0,0,0,0
41-43,0,15-74,SysselsatteArb,2019,0,0,0,0,0,0,0,0
41-43,0,15-74,SysselsatteArb,2020,242,231,532,639,149,119,556,569
41-43,0,55-66,SysselsatteArb,2008,0,0,0,0,0,0,0,0
41-43,0,55-66,SysselsatteArb,2009,0,0,0,0,0,0,0,0
41-43,0,55-66,SysselsatteArb,2010,0,0,0,0,0,0,0,0
41-43,0,55-66,SysselsatteArb,2011,0,0,0,0,0,0,0,0
41-43,0,55-66,SysselsatteArb,2012,0,0,0,0,0,0,0,0
41-43,0,55-66,SysselsatteArb,2013,0,0,0,0,0,0,0,0
41-43,0,55-66,SysselsatteArb,2014,0,0,0,0,0,0,0,0
41-43,0,55-66,SysselsatteArb,2015,0,0,0,0,0,0,0,0
41-43,0,55-66,SysselsatteArb,2016,0,0,0,0,0,0,0,0
41-43,0,55-66,SysselsatteArb,2017,0,0,0,0,0,0,0,0
41-43,0,55-66,SysselsatteArb,2018,0,0,0,0,0,0,0,0
41-43,0,55-66,SysselsatteArb,2019,0,0,0,0,0,0,0,0
41-43,0,55-66,SysselsatteArb,2020,50,36,58,95,28,24,91,106
41-43,0,67-74,SysselsatteArb,2008,0,0,0,0,0,0,0,0
41-43,0,67-74,SysselsatteArb,2009,0,0,0,0,0,0,0,0
41-43,0,67-74,SysselsatteArb,2010,0,0,0,0,0,0,0,0
41-43,0,67-74,SysselsatteArb,2011,0,0,0,0,0,0,0,0
41-43,0,67-74,SysselsatteArb,2012,0,0,0,0,0,0,0,0
41-43,0,67-74,SysselsatteArb,2013,0,0,0,0,0,0,0,0
41-43,0,67-74,SysselsatteArb,2014,0,0,0,0,0,0,0,0
41-43,0,67-74,SysselsatteArb,2015,0,0,0,0,0,0,0,0
41-43,0,67-74,SysselsatteArb,2016,0,0,0,0,0,0,0,0
41-43,0,67-74,SysselsatteArb,2017,0,0,0,0,0,0,0,0
41-43,0,67-74,SysselsatteArb,2018,0,0,0,0,0,0,0,0
41-43,0,67-74,SysselsatteArb,2019,0,0,0,0,0,0,0,0
41-43,0,67-74,SysselsatteArb,2020,22,13,12,15,6,8,21,34
45-47,0,15-74,SysselsatteArb,2008,0,0,0,0,0,0,0,0
45-47,0,15-74,SysselsatteArb,2009,0,0,0,0,0,0,0,0
45-47,0,15-74,SysselsatteArb,2010,0,0,0,0,0,0,0,0
45-47,0,15-74,SysselsatteArb,2011,0,0,0,0,0,0,0,0
45-47,0,15-74,SysselsatteArb,2012,0,0,0,0,0,0,0,0
45-47,0,15-74,SysselsatteArb,2013,0,0,0,0,0,0,0,0
45-47,0,15-74,SysselsatteArb,2014,0,0,0,0,0,0,0,0
45-47,0,15-74,SysselsatteArb,2015,0,0,0,0,0,0,0,0
45-47,0,15-74,SysselsatteArb,2016,0,0,0,0,0,0,0,0
45-47,0,15-74,SysselsatteArb,2017,0,0,0,0,0,0,0,0
45-47,0,15-74,SysselsatteArb,2018,0,0,0,0,0,0,0,0
45-47,0,15-74,SysselsatteArb,2019,0,0,0,0,0,0,0,0
45-47,0,15-74,SysselsatteArb,2020,186,142,420,1009,85,167,541,492
45-47,0,55-66,SysselsatteArb,2008,0,0,0,0,0,0,0,0
45-47,0,55-66,SysselsatteArb,2009,0,0,0,0,0,0,0,0
45-47,0,55-66,SysselsatteArb,2010,0,0,0,0,0,0,0,0
45-47,0,55-66,SysselsatteArb,2011,0,0,0,0,0,0,0,0
45-47,0,55-66,SysselsatteArb,2012,0,0,0,0,0,0,0,0
45-47,0,55-66,SysselsatteArb,2013,0,0,0,0,0,0,0,0
45-47,0,55-66,SysselsatteArb,2014,0,0,0,0,0,0,0,0
45-47,0,55-66,SysselsatteArb,2015,0,0,0,0,0,0,0,0
45-47,0,55-66,SysselsatteArb,2016,0,0,0,0,0,0,0,0
45-47,0,55-66,SysselsatteArb,2017,0,0,0,0,0,0,0,0
45-47,0,55-66,SysselsatteArb,2018,0,0,0,0,0,0,0,0
45-47,0,55-66,SysselsatteArb,2019,0,0,0,0,0,0,0,0
45-47,0,55-66,SysselsatteArb,2020,36,20,56,133,11,33,84,95
45-47,0,67-74,SysselsatteArb,2008,0,0,0,0,0,0,0,0
45-47,0,67-74,SysselsatteArb,2009,0,0,0,0,0,0,0,0
45-47,0,67-74,SysselsatteArb,2010,0,0,0,0,0,0,0,0
45-47,0,67-74,SysselsatteArb,2011,0,0,0,0,0,0,0,0
45-47,0,67-74,SysselsatteArb,2012,0,0,0,0,0,0,0,0
45-47,0,67-74,SysselsatteArb,2013,0,0,0,0,0,0,0,0
45-47,0,67-74,SysselsatteArb,2014,0,0,0,0,0,0,0,0
45-47,0,67-74,SysselsatteArb,2015,0,0,0,0,0,0,0,0
45-47,0,67-74,SysselsatteArb,2016,0,0,0,0,0,0,0,0
45-47,0,67-74,SysselsatteArb,2017,0,0,0,0,0,0,0,0
45-47,0,67-74,SysselsatteArb,2018,0,0,0,0,0,0,0,0
45-47,0,67-74,SysselsatteArb,2019,0,0,0,0,0,0,0,0
45-47,0,67-74,SysselsatteArb,2020,3,6,9,8,3,8,11,14
49-53,0,15-74,SysselsatteArb,2008,0,0,0,0,0,0,0,0
49-53,0,15-74,SysselsatteArb,2009,0,0,0,0,0,0,0,0
49-53,0,15-74,SysselsatteArb,2010,0,0,0,0,0,0,0,0
49-53,0,15-74,SysselsatteArb,2011,0,0,0,0,0,0,0,0
49-53,0,15-74,SysselsatteArb,2012,0,0,0,0,0,0,0,0
49-53,0,15-74,SysselsatteArb,2013,0,0,0,0,0,0,0,0
49-53,0,15-74,SysselsatteArb,2014,0,0,0,0,0,0,0,0
49-53,0,15-74,SysselsatteArb,2015,0,0,0,0,0,0,0,0
49-53,0,15-74,SysselsatteArb,2016,0,0,0,0,0,0,0,0
49-53,0,15-74,SysselsatteArb,2017,0,0,0,0,0,0,0,0
49-53,0,15-74,SysselsatteArb,2018,0,0,0,0,0,0,0,0
49-53,0,15-74,SysselsatteArb,2019,0,0,0,0,0,0,0,0
49-53,0,15-74,SysselsatteArb,2020,48,94,339,345,39,68,221,301
49-53,0,55-66,SysselsatteArb,2008,0,0,0,0,0,0,0,0
49-53,0,55-66,SysselsatteArb,2009,0,0,0,0,0,0,0,0
49-53,0,55-66,SysselsatteArb,2010,0,0,0,0,0,0,0,0
49-53,0,55-66,SysselsatteArb,2011,0,0,0,0,0,0,0,0
49-53,0,55-66,SysselsatteArb,2012,0,0,0,0,0,0,0,0
49-53,0,55-66,SysselsatteArb,2013,0,0,0,0,0,0,0,0
49-53,0,55-66,SysselsatteArb,2014,0,0,0,0,0,0,0,0
49-53,0,55-66,SysselsatteArb,2015,0,0,0,0,0,0,0,0
49-53,0,55-66,SysselsatteArb,2016,0,0,0,0,0,0,0,0
49-53,0,55-66,SysselsatteArb,2017,0,0,0,0,0,0,0,0
49-53,0,55-66,SysselsatteArb,2018,0,0,0,0,0,0,0,0
49-53,0,55-66,SysselsatteArb,2019,0,0,0,0,0,0,0,0
49-53,0,55-66,SysselsatteArb,2020,9,15,83,79,6,13,48,91
49-53,0,67-74,SysselsatteArb,2008,0,0,0,0,0,0,0,0
49-53,0,67-74,SysselsatteArb,2009,0,0,0,0,0,0,0,0
49-53,0,67-74,SysselsatteArb,2010,0,0,0,0,0,0,0,0
49-53,0,67-74,SysselsatteArb,2011,0,0,0,0,0,0,0,0
49-53,0,67-74,SysselsatteArb,2012,0,0,0,0,0,0,0,0
49-53,0,67-74,SysselsatteArb,2013,0,0,0,0,0,0,0,0
49-53,0,67-74,SysselsatteArb,2014,0,0,0,0,0,0,0,0
49-53,0,67-74,SysselsatteArb,2015,0,0,0,0,0,0,0,0
49-53,0,67-74,SysselsatteArb,2016,0,0,0,0,0,0,0,0
49-53,0,67-74,SysselsatteArb,2017,0,0,0,0,0,0,0,0
49-53,0,67-74,SysselsatteArb,2018,0,0,0,0,0,0,0,0
49-53,0,67-74,SysselsatteArb,2019,0,0,0,0,0,0,0,0
49-53,0,67-74,SysselsatteArb,2020,6,6,20,18,0,3,10,35
55-56,0,15-74,SysselsatteArb,2008,0,0,0,0,0,0,0,0
55-56,0,15-74,SysselsatteArb,2009,0,0,0,0,0,0,0,0
55-56,0,15-74,SysselsatteArb,2010,0,0,0,0,0,0,0,0
55-56,0,15-74,SysselsatteArb,2011,0,0,0,0,0,0,0,0
55-56,0,15-74,SysselsatteArb,2012,0,0,0,0,0,0,0,0
55-56,0,15-74,SysselsatteArb,2013,0,0,0,0,0,0,0,0
55-56,0,15-74,SysselsatteArb,2014,0,0,0,0,0,0,0,0
55-56,0,15-74,SysselsatteArb,2015,0,0,0,0,0,0,0,0
55-56,0,15-74,SysselsatteArb,2016,0,0,0,0,0,0,0,0
55-56,0,15-74,SysselsatteArb,2017,0,0,0,0,0,0,0,0
55-56,0,15-74,SysselsatteArb,2018,0,0,0,0,0,0,0,0
55-56,0,15-74,SysselsatteArb,2019,0,0,0,0,0,0,0,0
55-56,0,15-74,SysselsatteArb,2020,51,9,75,350,15,12,113,194
55-56,0,55-66,SysselsatteArb,2008,0,0,0,0,0,0,0,0
55-56,0,55-66,SysselsatteArb,2009,0,0,0,0,0,0,0,0
55-56,0,55-66,SysselsatteArb,2010,0,0,0,0,0,0,0,0
55-56,0,55-66,SysselsatteArb,2011,0,0,0,0,0,0,0,0
55-56,0,55-66,SysselsatteArb,2012,0,0,0,0,0,0,0,0
55-56,0,55-66,SysselsatteArb,2013,0,0,0,0,0,0,0,0
55-56,0,55-66,SysselsatteArb,2014,0,0,0,0,0,0,0,0
55-56,0,55-66,SysselsatteArb,2015,0,0,0,0,0,0,0,0
55-56,0,55-66,SysselsatteArb,2016,0,0,0,0,0,0,0,0
55-56,0,55-66,SysselsatteArb,2017,0,0,0,0,0,0,0,0
55-56,0,55-66,SysselsatteArb,2018,0,0,0,0,0,0,0,0
55-56,0,55-66,SysselsatteArb,2019,0,0,0,0,0,0,0,0
55-56,0,55-66,SysselsatteArb,2020,12,3,3,30,6,0,11,14
55-56,0,67-74,SysselsatteArb,2008,0,0,0,0,0,0,0,0
55-56,0,67-74,SysselsatteArb,2009,0,0,0,0,0,0,0,0
55-56,0,67-74,SysselsatteArb,2010,0,0,0,0,0,0,0,0
55-56,0,67-74,SysselsatteArb,2011,0,0,0,0,0,0,0,0
55-56,0,67-74,SysselsatteArb,2012,0,0,0,0,0,0,0,0
55-56,0,67-74,SysselsatteArb,2013,0,0,0,0,0,0,0,0
55-56,0,67-74,SysselsatteArb,2014,0,0,0,0,0,0,0,0
55-56,0,67-74,SysselsatteArb,2015,0,0,0,0,0,0,0,0
55-56,0,67-74,SysselsatteArb,2016,0,0,0,0,0,0,0,0
55-56,0,67-74,SysselsatteArb,2017,0,0,0,0,0,0,0,0
55-56,0,67-74,SysselsatteArb,2018,0,0,0,0,0,0,0,0
55-56,0,67-74,SysselsatteArb,2019,0,0,0,0,0,0,0,0
55-56,0,67-74,SysselsatteArb,2020,0,0,0,3,0,0,0,9
58-63,0,15-74,SysselsatteArb,2008,0,0,0,0,0,0,0,0
58-63,0,15-74,SysselsatteArb,2009,0,0,0,0,0,0,0,0
58-63,0,15-74,SysselsatteArb,2010,0,0,0,0,0,0,0,0
58-63,0,15-74,SysselsatteArb,2011,0,0,0,0,0,0,0,0
58-63,0,15-74,SysselsatteArb,2012,0,0,0,0,0,0,0,0
58-63,0,15-74,SysselsatteArb,2013,0,0,0,0,0,0,0,0
58-63,0,15-74,SysselsatteArb,2014,0,0,0,0,0,0,0,0
58-63,0,15-74,SysselsatteArb,2015,0,0,0,0,0,0,0,0
58-63,0,15-74,SysselsatteArb,2016,0,0,0,0,0,0,0,0
58-63,0,15-74,SysselsatteArb,2017,0,0,0,0,0,0,0,0
58-63,0,15-74,SysselsatteArb,2018,0,0,0,0,0,0,0,0
58-63,0,15-74,SysselsatteArb,2019,0,0,0,0,0,0,0,0
58-63,0,15-74,SysselsatteArb,2020,22,5,30,104,NA,NA,63,38
58-63,0,55-66,SysselsatteArb,2008,0,0,0,0,0,0,0,0
58-63,0,55-66,SysselsatteArb,2009,0,0,0,0,0,0,0,0
58-63,0,55-66,SysselsatteArb,2010,0,0,0,0,0,0,0,0
58-63,0,55-66,SysselsatteArb,2011,0,0,0,0,0,0,0,0
58-63,0,55-66,SysselsatteArb,2012,0,0,0,0,0,0,0,0
58-63,0,55-66,SysselsatteArb,2013,0,0,0,0,0,0,0,0
58-63,0,55-66,SysselsatteArb,2014,0,0,0,0,0,0,0,0
58-63,0,55-66,SysselsatteArb,2015,0,0,0,0,0,0,0,0
58-63,0,55-66,SysselsatteArb,2016,0,0,0,0,0,0,0,0
58-63,0,55-66,SysselsatteArb,2017,0,0,0,0,0,0,0,0
58-63,0,55-66,SysselsatteArb,2018,0,0,0,0,0,0,0,0
58-63,0,55-66,SysselsatteArb,2019,0,0,0,0,0,0,0,0
58-63,0,55-66,SysselsatteArb,2020,7,0,6,22,NA,NA,7,9
58-63,0,67-74,SysselsatteArb,2008,0,0,0,0,0,0,0,0
58-63,0,67-74,SysselsatteArb,2009,0,0,0,0,0,0,0,0
58-63,0,67-74,SysselsatteArb,2010,0,0,0,0,0,0,0,0
58-63,0,67-74,SysselsatteArb,2011,0,0,0,0,0,0,0,0
58-63,0,67-74,SysselsatteArb,2012,0,0,0,0,0,0,0,0
58-63,0,67-74,SysselsatteArb,2013,0,0,0,0,0,0,0,0
58-63,0,67-74,SysselsatteArb,2014,0,0,0,0,0,0,0,0
58-63,0,67-74,SysselsatteArb,2015,0,0,0,0,0,0,0,0
58-63,0,67-74,SysselsatteArb,2016,0,0,0,0,0,0,0,0
58-63,0,67-74,SysselsatteArb,2017,0,0,0,0,0,0,0,0
58-63,0,67-74,SysselsatteArb,2018,0,0,0,0,0,0,0,0
58-63,0,67-74,SysselsatteArb,2019,0,0,0,0,0,0,0,0
58-63,0,67-74,SysselsatteArb,2020,0,0,0,4,NA,NA,6,0
64-66,0,15-74,SysselsatteArb,2008,0,0,0,0,0,0,0,0
64-66,0,15-74,SysselsatteArb,2009,0,0,0,0,0,0,0,0
64-66,0,15-74,SysselsatteArb,2010,0,0,0,0,0,0,0,0
64-66,0,15-74,SysselsatteArb,2011,0,0,0,0,0,0,0,0
64-66,0,15-74,SysselsatteArb,2012,0,0,0,0,0,0,0,0
64-66,0,15-74,SysselsatteArb,2013,0,0,0,0,0,0,0,0
64-66,0,15-74,SysselsatteArb,2014,0,0,0,0,0,0,0,0
64-66,0,15-74,SysselsatteArb,2015,0,0,0,0,0,0,0,0
64-66,0,15-74,SysselsatteArb,2016,0,0,0,0,0,0,0,0
64-66,0,15-74,SysselsatteArb,2017,0,0,0,0,0,0,0,0
64-66,0,15-74,SysselsatteArb,2018,0,0,0,0,0,0,0,0
64-66,0,15-74,SysselsatteArb,2019,0,0,0,0,0,0,0,0
64-66,0,15-74,SysselsatteArb,2020,NA,0,16,39,0,NA,16,NA
64-66,0,55-66,SysselsatteArb,2008,0,0,0,0,0,0,0,0
64-66,0,55-66,SysselsatteArb,2009,0,0,0,0,0,0,0,0
64-66,0,55-66,SysselsatteArb,2010,0,0,0,0,0,0,0,0
64-66,0,55-66,SysselsatteArb,2011,0,0,0,0,0,0,0,0
64-66,0,55-66,SysselsatteArb,2012,0,0,0,0,0,0,0,0
64-66,0,55-66,SysselsatteArb,2013,0,0,0,0,0,0,0,0
64-66,0,55-66,SysselsatteArb,2014,0,0,0,0,0,0,0,0
64-66,0,55-66,SysselsatteArb,2015,0,0,0,0,0,0,0,0
64-66,0,55-66,SysselsatteArb,2016,0,0,0,0,0,0,0,0
64-66,0,55-66,SysselsatteArb,2017,0,0,0,0,0,0,0,0
64-66,0,55-66,SysselsatteArb,2018,0,0,0,0,0,0,0,0
64-66,0,55-66,SysselsatteArb,2019,0,0,0,0,0,0,0,0
64-66,0,55-66,SysselsatteArb,2020,NA,0,6,13,0,NA,9,NA
64-66,0,67-74,SysselsatteArb,2008,0,0,0,0,0,0,0,0
64-66,0,67-74,SysselsatteArb,2009,0,0,0,0,0,0,0,0
64-66,0,67-74,SysselsatteArb,2010,0,0,0,0,0,0,0,0
64-66,0,67-74,SysselsatteArb,2011,0,0,0,0,0,0,0,0
64-66,0,67-74,SysselsatteArb,2012,0,0,0,0,0,0,0,0
64-66,0,67-74,SysselsatteArb,2013,0,0,0,0,0,0,0,0
64-66,0,67-74,SysselsatteArb,2014,0,0,0,0,0,0,0,0
64-66,0,67-74,SysselsatteArb,2015,0,0,0,0,0,0,0,0
64-66,0,67-74,SysselsatteArb,2016,0,0,0,0,0,0,0,0
64-66,0,67-74,SysselsatteArb,2017,0,0,0,0,0,0,0,0
64-66,0,67-74,SysselsatteArb,2018,0,0,0,0,0,0,0,0
64-66,0,67-74,SysselsatteArb,2019,0,0,0,0,0,0,0,0
64-66,0,67-74,SysselsatteArb,2020,NA,0,0,0,0,NA,0,NA
68-75,0,15-74,SysselsatteArb,2008,0,0,0,0,0,0,0,0
68-75,0,15-74,SysselsatteArb,2009,0,0,0,0,0,0,0,0
68-75,0,15-74,SysselsatteArb,2010,0,0,0,0,0,0,0,0
68-75,0,15-74,SysselsatteArb,2011,0,0,0,0,0,0,0,0
68-75,0,15-74,SysselsatteArb,2012,0,0,0,0,0,0,0,0
68-75,0,15-74,SysselsatteArb,2013,0,0,0,0,0,0,0,0
68-75,0,15-74,SysselsatteArb,2014,0,0,0,0,0,0,0,0
68-75,0,15-74,SysselsatteArb,2015,0,0,0,0,0,0,0,0
68-75,0,15-74,SysselsatteArb,2016,0,0,0,0,0,0,0,0
68-75,0,15-74,SysselsatteArb,2017,0,0,0,0,0,0,0,0
68-75,0,15-74,SysselsatteArb,2018,0,0,0,0,0,0,0,0
68-75,0,15-74,SysselsatteArb,2019,0,0,0,0,0,0,0,0
68-75,0,15-74,SysselsatteArb,2020,39,26,106,501,45,31,161,259
68-75,0,55-66,SysselsatteArb,2008,0,0,0,0,0,0,0,0
68-75,0,55-66,SysselsatteArb,2009,0,0,0,0,0,0,0,0
68-75,0,55-66,SysselsatteArb,2010,0,0,0,0,0,0,0,0
68-75,0,55-66,SysselsatteArb,2011,0,0,0,0,0,0,0,0
68-75,0,55-66,SysselsatteArb,2012,0,0,0,0,0,0,0,0
68-75,0,55-66,SysselsatteArb,2013,0,0,0,0,0,0,0,0
68-75,0,55-66,SysselsatteArb,2014,0,0,0,0,0,0,0,0
68-75,0,55-66,SysselsatteArb,2015,0,0,0,0,0,0,0,0
68-75,0,55-66,SysselsatteArb,2016,0,0,0,0,0,0,0,0
68-75,0,55-66,SysselsatteArb,2017,0,0,0,0,0,0,0,0
68-75,0,55-66,SysselsatteArb,2018,0,0,0,0,0,0,0,0
68-75,0,55-66,SysselsatteArb,2019,0,0,0,0,0,0,0,0
68-75,0,55-66,SysselsatteArb,2020,12,4,27,96,15,8,43,62
68-75,0,67-74,SysselsatteArb,2008,0,0,0,0,0,0,0,0
68-75,0,67-74,SysselsatteArb,2009,0,0,0,0,0,0,0,0
68-75,0,67-74,SysselsatteArb,2010,0,0,0,0,0,0,0,0
68-75,0,67-74,SysselsatteArb,2011,0,0,0,0,0,0,0,0
68-75,0,67-74,SysselsatteArb,2012,0,0,0,0,0,0,0,0
68-75,0,67-74,SysselsatteArb,2013,0,0,0,0,0,0,0,0
68-75,0,67-74,SysselsatteArb,2014,0,0,0,0,0,0,0,0
68-75,0,67-74,SysselsatteArb,2015,0,0,0,0,0,0,0,0
68-75,0,67-74,SysselsatteArb,2016,0,0,0,0,0,0,0,0
68-75,0,67-74,SysselsatteArb,2017,0,0,0,0,0,0,0,0
68-75,0,67-74,SysselsatteArb,2018,0,0,0,0,0,0,0,0
68-75,0,67-74,SysselsatteArb,2019,0,0,0,0,0,0,0,0
68-75,0,67-74,SysselsatteArb,2020,0,6,9,40,5,4,21,19
77-82,0,15-74,SysselsatteArb,2008,0,0,0,0,0,0,0,0
77-82,0,15-74,SysselsatteArb,2009,0,0,0,0,0,0,0,0
77-82,0,15-74,SysselsatteArb,2010,0,0,0,0,0,0,0,0
77-82,0,15-74,SysselsatteArb,2011,0,0,0,0,0,0,0,0
77-82,0,15-74,SysselsatteArb,2012,0,0,0,0,0,0,0,0
77-82,0,15-74,SysselsatteArb,2013,0,0,0,0,0,0,0,0
77-82,0,15-74,SysselsatteArb,2014,0,0,0,0,0,0,0,0
77-82,0,15-74,SysselsatteArb,2015,0,0,0,0,0,0,0,0
77-82,0,15-74,SysselsatteArb,2016,0,0,0,0,0,0,0,0
77-82,0,15-74,SysselsatteArb,2017,0,0,0,0,0,0,0,0
77-82,0,15-74,SysselsatteArb,2018,0,0,0,0,0,0,0,0
77-82,0,15-74,SysselsatteArb,2019,0,0,0,0,0,0,0,0
77-82,0,15-74,SysselsatteArb,2020,68,34,186,217,19,31,156,105
77-82,0,55-66,SysselsatteArb,2008,0,0,0,0,0,0,0,0
77-82,0,55-66,SysselsatteArb,2009,0,0,0,0,0,0,0,0
77-82,0,55-66,SysselsatteArb,2010,0,0,0,0,0,0,0,0
77-82,0,55-66,SysselsatteArb,2011,0,0,0,0,0,0,0,0
77-82,0,55-66,SysselsatteArb,2012,0,0,0,0,0,0,0,0
77-82,0,55-66,SysselsatteArb,2013,0,0,0,0,0,0,0,0
77-82,0,55-66,SysselsatteArb,2014,0,0,0,0,0,0,0,0
77-82,0,55-66,SysselsatteArb,2015,0,0,0,0,0,0,0,0
77-82,0,55-66,SysselsatteArb,2016,0,0,0,0,0,0,0,0
77-82,0,55-66,SysselsatteArb,2017,0,0,0,0,0,0,0,0
77-82,0,55-66,SysselsatteArb,2018,0,0,0,0,0,0,0,0
77-82,0,55-66,SysselsatteArb,2019,0,0,0,0,0,0,0,0
77-82,0,55-66,SysselsatteArb,2020,13,6,46,34,0,8,39,31
77-82,0,67-74,SysselsatteArb,2008,0,0,0,0,0,0,0,0
77-82,0,67-74,SysselsatteArb,2009,0,0,0,0,0,0,0,0
77-82,0,67-74,SysselsatteArb,2010,0,0,0,0,0,0,0,0
77-82,0,67-74,SysselsatteArb,2011,0,0,0,0,0,0,0,0
77-82,0,67-74,SysselsatteArb,2012,0,0,0,0,0,0,0,0
77-82,0,67-74,SysselsatteArb,2013,0,0,0,0,0,0,0,0
77-82,0,67-74,SysselsatteArb,2014,0,0,0,0,0,0,0,0
77-82,0,67-74,SysselsatteArb,2015,0,0,0,0,0,0,0,0
77-82,0,67-74,SysselsatteArb,2016,0,0,0,0,0,0,0,0
77-82,0,67-74,SysselsatteArb,2017,0,0,0,0,0,0,0,0
77-82,0,67-74,SysselsatteArb,2018,0,0,0,0,0,0,0,0
77-82,0,67-74,SysselsatteArb,2019,0,0,0,0,0,0,0,0
77-82,0,67-74,SysselsatteArb,2020,0,0,5,6,0,0,4,0
84,0,15-74,SysselsatteArb,2008,0,0,0,0,0,0,0,0
84,0,15-74,SysselsatteArb,2009,0,0,0,0,0,0,0,0
84,0,15-74,SysselsatteArb,2010,0,0,0,0,0,0,0,0
84,0,15-74,SysselsatteArb,2011,0,0,0,0,0,0,0,0
84,0,15-74,SysselsatteArb,2012,0,0,0,0,0,0,0,0
84,0,15-74,SysselsatteArb,2013,0,0,0,0,0,0,0,0
84,0,15-74,SysselsatteArb,2014,0,0,0,0,0,0,0,0
84,0,15-74,SysselsatteArb,2015,0,0,0,0,0,0,0,0
84,0,15-74,SysselsatteArb,2016,0,0,0,0,0,0,0,0
84,0,15-74,SysselsatteArb,2017,0,0,0,0,0,0,0,0
84,0,15-74,SysselsatteArb,2018,0,0,0,0,0,0,0,0
84,0,15-74,SysselsatteArb,2019,0,0,0,0,0,0,0,0
84,0,15-74,SysselsatteArb,2020,52,48,145,355,40,60,201,189
84,0,55-66,SysselsatteArb,2008,0,0,0,0,0,0,0,0
84,0,55-66,SysselsatteArb,2009,0,0,0,0,0,0,0,0
84,0,55-66,SysselsatteArb,2010,0,0,0,0,0,0,0,0
84,0,55-66,SysselsatteArb,2011,0,0,0,0,0,0,0,0
84,0,55-66,SysselsatteArb,2012,0,0,0,0,0,0,0,0
84,0,55-66,SysselsatteArb,2013,0,0,0,0,0,0,0,0
84,0,55-66,SysselsatteArb,2014,0,0,0,0,0,0,0,0
84,0,55-66,SysselsatteArb,2015,0,0,0,0,0,0,0,0
84,0,55-66,SysselsatteArb,2016,0,0,0,0,0,0,0,0
84,0,55-66,SysselsatteArb,2017,0,0,0,0,0,0,0,0
84,0,55-66,SysselsatteArb,2018,0,0,0,0,0,0,0,0
84,0,55-66,SysselsatteArb,2019,0,0,0,0,0,0,0,0
84,0,55-66,SysselsatteArb,2020,15,10,23,73,12,12,38,55
84,0,67-74,SysselsatteArb,2008,0,0,0,0,0,0,0,0
84,0,67-74,SysselsatteArb,2009,0,0,0,0,0,0,0,0
84,0,67-74,SysselsatteArb,2010,0,0,0,0,0,0,0,0
84,0,67-74,SysselsatteArb,2011,0,0,0,0,0,0,0,0
84,0,67-74,SysselsatteArb,2012,0,0,0,0,0,0,0,0
84,0,67-74,SysselsatteArb,2013,0,0,0,0,0,0,0,0
84,0,67-74,SysselsatteArb,2014,0,0,0,0,0,0,0,0
84,0,67-74,SysselsatteArb,2015,0,0,0,0,0,0,0,0
84,0,67-74,SysselsatteArb,2016,0,0,0,0,0,0,0,0
84,0,67-74,SysselsatteArb,2017,0,0,0,0,0,0,0,0
84,0,67-74,SysselsatteArb,2018,0,0,0,0,0,0,0,0
84,0,67-74,SysselsatteArb,2019,0,0,0,0,0,0,0,0
84,0,67-74,SysselsatteArb,2020,0,0,3,3,0,3,3,3
85,0,15-74,SysselsatteArb,2008,0,0,0,0,0,0,0,0
85,0,15-74,SysselsatteArb,2009,0,0,0,0,0,0,0,0
85,0,15-74,SysselsatteArb,2010,0,0,0,0,0,0,0,0
85,0,15-74,SysselsatteArb,2011,0,0,0,0,0,0,0,0
85,0,15-74,SysselsatteArb,2012,0,0,0,0,0,0,0,0
85,0,15-74,SysselsatteArb,2013,0,0,0,0,0,0,0,0
85,0,15-74,SysselsatteArb,2014,0,0,0,0,0,0,0,0
85,0,15-74,SysselsatteArb,2015,0,0,0,0,0,0,0,0
85,0,15-74,SysselsatteArb,2016,0,0,0,0,0,0,0,0
85,0,15-74,SysselsatteArb,2017,0,0,0,0,0,0,0,0
85,0,15-74,SysselsatteArb,2018,0,0,0,0,0,0,0,0
85,0,15-74,SysselsatteArb,2019,0,0,0,0,0,0,0,0
85,0,15-74,SysselsatteArb,2020,111,171,460,786,115,79,477,385
85,0,55-66,SysselsatteArb,2008,0,0,0,0,0,0,0,0
85,0,55-66,SysselsatteArb,2009,0,0,0,0,0,0,0,0
85,0,55-66,SysselsatteArb,2010,0,0,0,0,0,0,0,0
85,0,55-66,SysselsatteArb,2011,0,0,0,0,0,0,0,0
85,0,55-66,SysselsatteArb,2012,0,0,0,0,0,0,0,0
85,0,55-66,SysselsatteArb,2013,0,0,0,0,0,0,0,0
85,0,55-66,SysselsatteArb,2014,0,0,0,0,0,0,0,0
85,0,55-66,SysselsatteArb,2015,0,0,0,0,0,0,0,0
85,0,55-66,SysselsatteArb,2016,0,0,0,0,0,0,0,0
85,0,55-66,SysselsatteArb,2017,0,0,0,0,0,0,0,0
85,0,55-66,SysselsatteArb,2018,0,0,0,0,0,0,0,0
85,0,55-66,SysselsatteArb,2019,0,0,0,0,0,0,0,0
85,0,55-66,SysselsatteArb,2020,24,36,105,181,25,23,109,92
85,0,67-74,SysselsatteArb,2008,0,0,0,0,0,0,0,0
85,0,67-74,SysselsatteArb,2009,0,0,0,0,0,0,0,0
85,0,67-74,SysselsatteArb,2010,0,0,0,0,0,0,0,0
85,0,67-74,SysselsatteArb,2011,0,0,0,0,0,0,0,0
85,0,67-74,SysselsatteArb,2012,0,0,0,0,0,0,0,0
85,0,67-74,SysselsatteArb,2013,0,0,0,0,0,0,0,0
85,0,67-74,SysselsatteArb,2014,0,0,0,0,0,0,0,0
85,0,67-74,SysselsatteArb,2015,0,0,0,0,0,0,0,0
85,0,67-74,SysselsatteArb,2016,0,0,0,0,0,0,0,0
85,0,67-74,SysselsatteArb,2017,0,0,0,0,0,0,0,0
85,0,67-74,SysselsatteArb,2018,0,0,0,0,0,0,0,0
85,0,67-74,SysselsatteArb,2019,0,0,0,0,0,0,0,0
85,0,67-74,SysselsatteArb,2020,3,3,7,11,6,3,8,10
86-88,0,15-74,SysselsatteArb,2008,0,0,0,0,0,0,0,0
86-88,0,15-74,SysselsatteArb,2009,0,0,0,0,0,0,0,0
86-88,0,15-74,SysselsatteArb,2010,0,0,0,0,0,0,0,0
86-88,0,15-74,SysselsatteArb,2011,0,0,0,0,0,0,0,0
86-88,0,15-74,SysselsatteArb,2012,0,0,0,0,0,0,0,0
86-88,0,15-74,SysselsatteArb,2013,0,0,0,0,0,0,0,0
86-88,0,15-74,SysselsatteArb,2014,0,0,0,0,0,0,0,0
86-88,0,15-74,SysselsatteArb,2015,0,0,0,0,0,0,0,0
86-88,0,15-74,SysselsatteArb,2016,0,0,0,0,0,0,0,0
86-88,0,15-74,SysselsatteArb,2017,0,0,0,0,0,0,0,0
86-88,0,15-74,SysselsatteArb,2018,0,0,0,0,0,0,0,0
86-88,0,15-74,SysselsatteArb,2019,0,0,0,0,0,0,0,0
86-88,0,15-74,SysselsatteArb,2020,346,423,950,2168,267,264,1577,1262
86-88,0,55-66,SysselsatteArb,2008,0,0,0,0,0,0,0,0
86-88,0,55-66,SysselsatteArb,2009,0,0,0,0,0,0,0,0
86-88,0,55-66,SysselsatteArb,2010,0,0,0,0,0,0,0,0
86-88,0,55-66,SysselsatteArb,2011,0,0,0,0,0,0,0,0
86-88,0,55-66,SysselsatteArb,2012,0,0,0,0,0,0,0,0
86-88,0,55-66,SysselsatteArb,2013,0,0,0,0,0,0,0,0
86-88,0,55-66,SysselsatteArb,2014,0,0,0,0,0,0,0,0
86-88,0,55-66,SysselsatteArb,2015,0,0,0,0,0,0,0,0
86-88,0,55-66,SysselsatteArb,2016,0,0,0,0,0,0,0,0
86-88,0,55-66,SysselsatteArb,2017,0,0,0,0,0,0,0,0
86-88,0,55-66,SysselsatteArb,2018,0,0,0,0,0,0,0,0
86-88,0,55-66,SysselsatteArb,2019,0,0,0,0,0,0,0,0
86-88,0,55-66,SysselsatteArb,2020,71,65,198,412,54,54,343,343
86-88,0,67-74,SysselsatteArb,2008,0,0,0,0,0,0,0,0
86-88,0,67-74,SysselsatteArb,2009,0,0,0,0,0,0,0,0
86-88,0,67-74,SysselsatteArb,2010,0,0,0,0,0,0,0,0
86-88,0,67-74,SysselsatteArb,2011,0,0,0,0,0,0,0,0
86-88,0,67-74,SysselsatteArb,2012,0,0,0,0,0,0,0,0
86-88,0,67-74,SysselsatteArb,2013,0,0,0,0,0,0,0,0
86-88,0,67-74,SysselsatteArb,2014,0,0,0,0,0,0,0,0
86-88,0,67-74,SysselsatteArb,2015,0,0,0,0,0,0,0,0
86-88,0,67-74,SysselsatteArb,2016,0,0,0,0,0,0,0,0
86-88,0,67-74,SysselsatteArb,2017,0,0,0,0,0,0,0,0
86-88,0,67-74,SysselsatteArb,2018,0,0,0,0,0,0,0,0
86-88,0,67-74,SysselsatteArb,2019,0,0,0,0,0,0,0,0
86-88,0,67-74,SysselsatteArb,2020,7,12,25,47,8,11,46,40
90-99,0,15-74,SysselsatteArb,2008,0,0,0,0,0,0,0,0
90-99,0,15-74,SysselsatteArb,2009,0,0,0,0,0,0,0,0
90-99,0,15-74,SysselsatteArb,2010,0,0,0,0,0,0,0,0
90-99,0,15-74,SysselsatteArb,2011,0,0,0,0,0,0,0,0
90-99,0,15-74,SysselsatteArb,2012,0,0,0,0,0,0,0,0
90-99,0,15-74,SysselsatteArb,2013,0,0,0,0,0,0,0,0
90-99,0,15-74,SysselsatteArb,2014,0,0,0,0,0,0,0,0
90-99,0,15-74,SysselsatteArb,2015,0,0,0,0,0,0,0,0
90-99,0,15-74,SysselsatteArb,2016,0,0,0,0,0,0,0,0
90-99,0,15-74,SysselsatteArb,2017,0,0,0,0,0,0,0,0
90-99,0,15-74,SysselsatteArb,2018,0,0,0,0,0,0,0,0
90-99,0,15-74,SysselsatteArb,2019,0,0,0,0,0,0,0,0
90-99,0,15-74,SysselsatteArb,2020,34,62,123,217,15,30,134,121
90-99,0,55-66,SysselsatteArb,2008,0,0,0,0,0,0,0,0
90-99,0,55-66,SysselsatteArb,2009,0,0,0,0,0,0,0,0
90-99,0,55-66,SysselsatteArb,2010,0,0,0,0,0,0,0,0
90-99,0,55-66,SysselsatteArb,2011,0,0,0,0,0,0,0,0
90-99,0,55-66,SysselsatteArb,2012,0,0,0,0,0,0,0,0
90-99,0,55-66,SysselsatteArb,2013,0,0,0,0,0,0,0,0
90-99,0,55-66,SysselsatteArb,2014,0,0,0,0,0,0,0,0
90-99,0,55-66,SysselsatteArb,2015,0,0,0,0,0,0,0,0
90-99,0,55-66,SysselsatteArb,2016,0,0,0,0,0,0,0,0
90-99,0,55-66,SysselsatteArb,2017,0,0,0,0,0,0,0,0
90-99,0,55-66,SysselsatteArb,2018,0,0,0,0,0,0,0,0
90-99,0,55-66,SysselsatteArb,2019,0,0,0,0,0,0,0,0
90-99,0,55-66,SysselsatteArb,2020,4,19,25,54,3,6,39,31
90-99,0,67-74,SysselsatteArb,2008,0,0,0,0,0,0,0,0
90-99,0,67-74,SysselsatteArb,2009,0,0,0,0,0,0,0,0
90-99,0,67-74,SysselsatteArb,2010,0,0,0,0,0,0,0,0
90-99,0,67-74,SysselsatteArb,2011,0,0,0,0,0,0,0,0
90-99,0,67-74,SysselsatteArb,2012,0,0,0,0,0,0,0,0
90-99,0,67-74,SysselsatteArb,2013,0,0,0,0,0,0,0,0
90-99,0,67-74,SysselsatteArb,2014,0,0,0,0,0,0,0,0
90-99,0,67-74,SysselsatteArb,2015,0,0,0,0,0,0,0,0
90-99,0,67-74,SysselsatteArb,2016,0,0,0,0,0,0,0,0
90-99,0,67-74,SysselsatteArb,2017,0,0,0,0,0,0,0,0
90-99,0,67-74,SysselsatteArb,2018,0,0,0,0,0,0,0,0
90-99,0,67-74,SysselsatteArb,2019,0,0,0,0,0,0,0,0
90-99,0,67-74,SysselsatteArb,2020,3,3,6,20,0,3,13,7
00,0,15-74,SysselsatteArb,2008,0,0,0,0,0,0,0,0
00,0,15-74,SysselsatteArb,2009,0,0,0,0,0,0,0,0
00,0,15-74,SysselsatteArb,2010,0,0,0,0,0,0,0,0
00,0,15-74,SysselsatteArb,2011,0,0,0,0,0,0,0,0
00,0,15-74,SysselsatteArb,2012,0,0,0,0,0,0,0,0
00,0,15-74,SysselsatteArb,2013,0,0,0,0,0,0,0,0
00,0,15-74,SysselsatteArb,2014,0,0,0,0,0,0,0,0
00,0,15-74,SysselsatteArb,2015,0,0,0,0,0,0,0,0
00,0,15-74,SysselsatteArb,2016,0,0,0,0,0,0,0,0
00,0,15-74,SysselsatteArb,2017,0,0,0,0,0,0,0,0
00,0,15-74,SysselsatteArb,2018,0,0,0,0,0,0,0,0
00,0,15-74,SysselsatteArb,2019,0,0,0,0,0,0,0,0
00,0,15-74,SysselsatteArb,2020,NA,18,18,31,15,6,NA,NA
00,0,55-66,SysselsatteArb,2008,0,0,0,0,0,0,0,0
00,0,55-66,SysselsatteArb,2009,0,0,0,0,0,0,0,0
00,0,55-66,SysselsatteArb,2010,0,0,0,0,0,0,0,0
00,0,55-66,SysselsatteArb,2011,0,0,0,0,0,0,0,0
00,0,55-66,SysselsatteArb,2012,0,0,0,0,0,0,0,0
00,0,55-66,SysselsatteArb,2013,0,0,0,0,0,0,0,0
00,0,55-66,SysselsatteArb,2014,0,0,0,0,0,0,0,0
00,0,55-66,SysselsatteArb,2015,0,0,0,0,0,0,0,0
00,0,55-66,SysselsatteArb,2016,0,0,0,0,0,0,0,0
00,0,55-66,SysselsatteArb,2017,0,0,0,0,0,0,0,0
00,0,55-66,SysselsatteArb,2018,0,0,0,0,0,0,0,0
00,0,55-66,SysselsatteArb,2019,0,0,0,0,0,0,0,0
00,0,55-66,SysselsatteArb,2020,NA,6,8,14,3,0,NA,NA
00,0,67-74,SysselsatteArb,2008,0,0,0,0,0,0,0,0
00,0,67-74,SysselsatteArb,2009,0,0,0,0,0,0,0,0
00,0,67-74,SysselsatteArb,2010,0,0,0,0,0,0,0,0
00,0,67-74,SysselsatteArb,2011,0,0,0,0,0,0,0,0
00,0,67-74,SysselsatteArb,2012,0,0,0,0,0,0,0,0
00,0,67-74,SysselsatteArb,2013,0,0,0,0,0,0,0,0
00,0,67-74,SysselsatteArb,2014,0,0,0,0,0,0,0,0
00,0,67-74,SysselsatteArb,2015,0,0,0,0,0,0,0,0
00,0,67-74,SysselsatteArb,2016,0,0,0,0,0,0,0,0
00,0,67-74,SysselsatteArb,2017,0,0,0,0,0,0,0,0
00,0,67-74,SysselsatteArb,2018,0,0,0,0,0,0,0,0
00,0,67-74,SysselsatteArb,2019,0,0,0,0,0,0,0,0
00,0,67-74,SysselsatteArb,2020,NA,4,3,8,9,3,NA,NA
